gid,group_name
29045371,stoned'
6068174,Anti Camper Elite
8239573,Cereal Box
25680959,ᙢ   csgoFPS.com          ᙢ
27201091,☢                 csgo111.com☢
42005454,Forever drunk &amp; young
11482085,CH.Band
3123087,ThePwngeGroup
5192982,CSGO Knife Club
33959980,CS:GO Trading knives
964095,Left 4 Dead 2
33861256,Survivor heroes
32890697,Battlefleet Gothic: Armada 2
10658706,Left 4 Dead 2 - Việt Nam
30950802,Bars and Balance
7490133,QWERTY.GO*
26891862,Eradicated™
27370710,Slim and fans
10547742,The-K300
3958561,Feeding Frenzy 2: Shipwreck Showdown Deluxe
30305042,Basilisk eSports Community
26332771,Rocket League Marketplace
43107541,Resident Evil 4
31098823,Thích Con Gái
7294138,Free Games Info!!!
32214723,WiT 10 mans
27570161,♥♥♥♥♥♥ gg
38328036,l­il
37691618,Gunfire Reborn
29233594,Scope BuChio
8890186,ISIS Mercenaries
22559616,❀     EASY GIVEAWAYS
44759707,Tales of Three Kingdoms: The Mortal World
45114522,JESUS lS KING
37541410,J1BroS
73906,War !s Glory
8056670,Club ❤ Japan!
38743207,Gojek Community
39859396,Sex and the Furry Titty
2081,FacepunchStudios
31268270,EgzaZone
27783632,「Pheonix  &amp; Friends」
4037380,#female.csgo
148845,Hentai!
36715316,Soul Axiom Rebooted
38509682,TeamWork69̣
28621636,♥♥♥♥♥♥♥♥♥♥ CS:GO | A18
31224686,FcPorto | eSports
6548,Rovaniemi
23521949,Supraball
5973202,Pretty High
31235339,Best of Europe.csgo (T)
5396160,altPUG Singapore
10635983,kickback.com
26711742,ℨ       csgoinv.com     ℨ
32041182,wronaSKILLS
35560827,NAVI FANS777
11830944,WatchGamesTV
31927508,This Is the Police 2
10690429,L4d2-sever-VN (Darkness Of Life)
29113822,Official Team Bandit
32967900,Yakuza 0
4874854,Tampa eSports
3665260,Zyzz the Legacy
5227530,Sven Co-op
26212228,☂☂CSGOAFK.COM☂☯
1216816,Vietnamese Gamer
8818698,|PyrQ|
27628965,CSGOUltra Community
28188355,NhẫnGiảLàngLá
7275933,paszaNOHOMO
35672451,Ancient Dungeon VR
2428135,2K
33828770,SubSeven Legend
27371822,Bikey Boys from Nyirripi
25894110,260Gaming
35006783,DECAF Esports
30287156,TapTap发现好游戏
28737228,NBA 2K18
5366503,greuceanu
7372560,HasTürkler
26944220,Group for Heart Collector &lt;3
43104211,C'mon Esports
27433702,Bring Back Z1
4698262,Dead Island Riptide - VoZ
3674332,Plz.Dont-Hack.Me
31286100,● SMFC ●
9785188,Giveaways Reborn !
29100505,Kingdom Come: Deliverance
5944041,World of Guns: Gun Disassembly
5176629,Król kZk.
4947441,Thugnificent Friends and Fans
31696297,"Раздача вещей CS:GO,Drawing thin"
9625513,Teeird
1276239,The Prodigy.
8337083,Ol' Vintage
7679777,Hentai Rape!
8290441,CsgoPrizes
8618732,Swedemerica
29170121,GenGarGaming
11658054,Animated Profiles
32434937,s1mple n00b
2118247,RareBreedGaming.com
31933489,MOMOLAND!
35116728,J1MMY&amp;FRIENDS
10440163,For Gamers Estonia
9597697,SkinProfit
302857,NiP-Gaming
11435747,Backstab.Gaming
5660659,-Cloud 9-
9256464,CSGO-Skins
950898,Darkest Hour: Europe '44-'45
25044413,BANG HỘI CÁI BANG
10466351,Savage.Wolves
44883204,30 Days on Ship
35920816,GoldenChicken
9701712,PVO'S
9262875,Sickest ♥♥♥♥♥ AU
7126816,CSGO Exchange
27357475,Trump Giveaways
7342404,Secret Empire of Lycantrophes
35820562,★bo3mien★
4961457,Elsword
5023950,CS:GO TRADERS COMMUNITY
8289655,Vietnam Truck Simulator
7083641,Idle4Drops
32133603,Hack=Dog
44296331,VAV VAV
45329199,Restart ShuHan Dynasty: Origin
7270963,Vn.Valiancer
26075107,2ez4chinese
5549974,Njnja Ass☻
25875923,FBI●
38435353,$atvia CokΣ
5366632,Doremeo
44727333,♥♥♥♥♥♥ in Burnaby
28604980,S.K.N. Servers
26502488,CSGOWhisky
38420528,BALD-PEEK
2415569,Бухие xD
28990603,Đéo Có Cu
22282890,twitch.tv/vincchill_
39611941,GamerPay.gg
9505993,Rocket League PL
5527339,GunZ 2: The Second Duel
5351722,ScaryGame*
29125397,VastGG
11623377,👑 𝒦𝒾𝓃ℊ'𝓈 𝒪𝒻 𝒮𝓉ℯ𝒶𝓂 👑
26810921,Miss's friends and fans
7990113,= Free gifts and keys (Giveaways). Games &amp; DLC
27120512,AKB48.Gaming
10527181,B33Croft's Safe House
3952636,Super Monday Night Combat
41622172,MultiVersus
8314014,Ten Minutes 'till Midnight
5233424,CS:GO Stats
3624290,Indie Game Bundles
7742836,TEAM.LyCoSa
28465151,[vOz] Left 4 Dead 2
9879575,ÖSL
7846553,10+ Games Collector
27291123,CSGOCall
28050773,CSGOARIA
5901596,Swerigs
25659291,FreakyTeam-CS:GO
26305398,Paladins
24131698,CSGOSWAP
25339032,Oxygen Not Included
26028702,Kakaan
5349011,KewlKidsKhat
2318590,Seasonic[VN]
6026899,Aces.GO
11284407,Critiquing Doge
5167904,HecTiiC SenSe
10466911,CSGOBubble.com
6275452,Nip.....
27155338,"40,000+ Comments Collector"
4761085,WwW.GameZoneCCCP.Ru
3996012,Allgemeine Zocker Vereinigung
7229262,SoloSide
28168368,中华民族发展协会
24983848,csgotrinity.com
29164300,Savage Group Sóc Trăng
26475984,Chôm Chôm
44275463,Phát Bắn Cuộc Đời
9070099,ESL-MALAYSIA-QUALIFIERS
32659214,Supremacy Networks
2355756,Banid
25497984,Last Fate Fan &lt;3
434,noob
5530220,DayzPfadfinder
45057175,de_skins.fans
28220473,GTXOfficialReportBot
6488607,Royal Ninja's
3868785,XTRMz^
5889156,VN-Khoi Lua
2371810,ƒamous нuƞterȥ
4024776,CS:GO Mitspielersuche!
27719837,#FIXCSGO#
28381008,FREE СS:GО MONEY 50$ [H4]32
27749175,Princ3sses
4458713,Homefront: The Revolution
4774103,quyen
45193118,Fate Trigger
11849615,╭。☆║HK║☆。╮
10316862,GambleCSGO
5466310,CS:GO UK Players
29653732,Animals swag
8895940,Kung Fury
41794343,Penthouse-CSGO-
11761070,Mây Chín
32784140,7kaR
11910217,Team_Avenges_VN
10588096,Sometimes You Playing
22309059,KonoSuba!
7255095,XBOX'
32908439,Nac Mi A Team
28678000,[!]FREE CS:GO SKINS 20~100$[^]*
33493953,DHD.FC
9544168,Betting Predictions DacoDac
11740352,Game Offline Việt Nam
6464189,♥♥♥♥♥♥♥♥♥♥rep
9365705,1tap by'
29554887,SmillZ's level up
26872536,✪ BLVCK
31380080,Real Pool 3D - Poolians
27216210,Ultimate Marvel vs. Capcom 3
9700441,Play4Fun.CS
2674,HeLLsGamers
26882627,CLUCTH TEAM
38441815,Crow666
11514904,CSGOCircle.com
7170996,FINAL FANTASY XIII-2
41437644,Sầu Đời
5243473,PCMR2013
9524477,CSGOPoints
12105250,Yolo Army - Giveaways
35375662,Solit4ry
6818114,Quake Live
6848436,twitch.tv/yulechkajuly
32927437,♥♥♥♥♥♥♥♥♥♥♥
11481698,TEAM DAU GIAI
32559262,Chi đoàn 11H
26572257,LANESS PROJECT
11705142,ONE PIECE BURNING BLOOD
3951521,CS:GO Romania -
3873537,GOLD TEAM - Community
11637683,BienHoaSally
33787726,Driver Booster for Steam
30100203,FREE MONEY FOR CASES (zpGDIydxbU
1761182,Flying Uwe
4960493,Level 170 Collector
4667849,JKT48
5517552,DarkHoleCheckerDeluxe
30392650,mixxed.xyz
2430649,ZombieNetwork
11509902,- PAPRYKA - | FAN CLUB
9816482,S.T Community
6126332,The Witcher 3: Wild Hunt
2866,Radio Behind!
27756853,€        DOTA222.com   €
30720104,Speak English Please
2666295,FREE KEY GIVEAWAY!
40748511,Đẹp Trai Brother
4161134,mOE Money mOE AWPs
33557532,skinfarms
1802944,myPorn.gAiming|FunCommunity|*2010*
6759352,Bé Misa's FC &lt;3
5195824,Feed Me Pixels
40921521,古剑奇谭网络版 海外版
39610749,TST-CSGO
143562,K1ck eSports Club
26085258,Totally Accurate Battle Simulator
7161467,ARMA 3 ACE
6628874,GreatGamesGreatBeards
26039610,|The Marine Squad|
25680982,ᙢ            csgoFPS.com ᙢ
10011025,Elsama suck dicks
25289044,Watch_Dogs 2
4377463,SourceGames(MG)
11709570,We Are CSIT
26170098,Olympus Price Checks
7739716,Sweaty Dogs
42602012,anh em tao 3 mien`
9026187,Monstercat
3966839,CS:GO 香港 (正版群)
27689380,➠WALLHACK
5445228,Societatea Secretă a Iubitorilor de Gamerițe
4500310,Market Dota 2 Items
9821109,CSGOLIST
40721482,S.T.A.L.K.E.R. 2: Heart of Chornobyl
5048582,Lynett Shop
26637836,Porno Studio Tycoon
40083673,PrettyFlatov
44811022,The Bustling World
36869639,FOCUS peek
38696679,MEOGANG
44083156,Địt Mẹ Mấy Thằng Ngiện Game
40370422,GunnyPeek
34134616,Space Haven
28640523,FREE СS:GО MONEY 50$ [DFG3VS]
4977080,Swamp Boaty
10730644,☜═ Flash ═☞
5781917,Miss Rage Army
36114295,Pulonclutch.net
9761688,Shadow of Kingdoms
38163696,๑۩۩๑ 1_HIT
8460294,Digital Homicide Game Central
12059712,Foxhound PVP (ARK)
9556517,Raffle2Giveaway
26179419,The-Jinx
7544405,CS:GO Compilation - MyM Player
3021728,EVOKATE GAMING
26992755,Gizdarasы
26967166,TeamUltimateSavage
43896174,CS2 Quảng Bình Community
35251214,ALLAH-
12653658,FPS Headquarters
22507159,Roach Pro's
6871744,__ASS__
25588535,Bo` Huynh
36225228,Half-Life: Alyx
4457233,81st-RX Air Division
25965595,War of Rights
26240675,Greenlight's Best Games
5464829,Vantom Giveaway
3922053,Counter-Strike: Global Offensive {China Online}
28924480,CSGOBETNOW.com - Roulette4375
28807755,Jsharks
2786656,Skillzworld
2799155,Team Virtus.pro
9123910,VenuXX
28985163,Red Scarf Gaming
4860050,BerylVenus
32851437,Kombo Army
26778840,Jensen's Servers
4001276,MON$T3R G4M!NG
23524301,VACO CLUB
1541443,Rockstar Games
12015393,Skins2.com
9782708,Smurf4Skins - Loss=SkinsBack
34822924,deficiência de skill
8442366,0815Guuuuuys
6774118,Frosty's CSGO
8776352,`CQ
8345268,&quot;group&quot;
7935200,RICH GANG SEA
10586830,Hit Tank
26621223,Anh Hung` Xa Lo
30520490,Mèo Gaming
8377861,**INF**
27918130,Green Maple Leaf Cards BOT
25054557,Eleventh
8921925,Wild ` Division
29530429,-TeamExecution-
11498237,TusNelda's Hall of Bang
15302276,Streamline
27850065,TRADERDOTA.COM * Free 40$!
8594270,KODJAMENT
9624013,ReedCaat
31796145,Countryballs: Over The World
2050684,EUROPLAYER
1547116,Justin Bieber.
3606255,Стим Комьюнити
26010967,Football Manager 2017
30196640,World Class!2
5039083,Payday 2 Cuop Giau Giup Ngheo
25884945,BePezdaGaming
33980753,KENNYR WARE
29411334,Master Clan VN
5984755,Blazers Vietnam
27580880,mitzuu's Group
34345381,Bestrust servers
5991881,Gugila Games
3809787,CS_1.6  Без  читеров
5210554,[TW]海王星 生存戰隊 Neptune Taiwan L4D2 Team
5925518,LionsHell
24669829,♥♥♥♥♥♥♥♥♥♥♥ |
1912892,DOTA 2 Italian Community
29224885,♥нearт collecтorѕ💕
7019191,Air Skin
9346535,Castccccc
6727423,$$ Cash/Pure for TF2 Backpacks! $$
449174,Made in Brazil - Official
33704119,Ae Long An kinh chao quy khach
27907850,[Begin] Long
45614922,phxbot
6101556,Aerozz Group
12190110,The Division Turkey Community
3202207,Sekai Project
10813411,YoloSkins
26934177,coL0mp0 family
10494854,G2 ESPORTS
7332064,Gwada crew
22725284,Classic Offensive
5805136,The Ultimate Raffle Group
28757982,🐈 ❤️ 🐱
3009100,Dungeon Defenders Vietnam ( ddvietnam )
5022496,Cute Cat Club for Cats
33219862,Rocket-League trade spot
7771634,CS:GO Zone of Traders
35894707,Uncle Ho eats Ro Phi fish
4687468,Gamer Dota2vn FA
11309045,DarkKD and friends
489958,www.gamersbook.com
6645755,{D.L} Draconic Legion
28171257,ReportBotID
9041225,Tales of Zestiria
27768658,KingS &lt;3
30099268,FREE MONEY FOR CASES (CIvGWzSwnA
9226634,Spaze For Life!!
40722184,Thi Dung peek
27602550,Cherry's Lounge ♥
5293335,#wesras
30274758,ZeddY^'s Servers
3088026,Mono Group
8621083,Ron Jans Youtube
3610362,EpicGamingTr
9948323,Hearts of Iron IV
44702972,Chuavanhungnguoiban
4238506,DragonDevils
27536933,Ｆｕｃｋ ｙｏｕ
33149191,Project - S
27752753,Project CARS 2
4275140,ВкЛюЧишь читы? ПоЛучиШь пи*ды!!!18+
5683113,TiTans.Gaming
4771848,/r/pcmasterrace Group
6262511,Carpo Antitheus
8131901,$5000+ Collectors
36418067,Mid or Feed
25742187,♍         csgo999.com        ♍
25679163,℘                csgoFPS.com ℘
27752137,We Love You Rachel
11565885,CHICH_XA_GIAO.VL
31905932,aimlock^
6621813,Vn-Zoom và game bản quyền
6749893,Modern Aiming
1188,hax
1608616,Counter Strike Source Zombiemod
30096356,HL.Prolapse
32623458,✪BacNinh✪
27209120,CSGOArcade
26725063,Never-Give.Up
10545130,Descent: Underground
29145651,Griftlands
10806052,cumback ls REAL
44132046,M0mmyPeek
24991291,FINAL FANTASY X/X-2 HD Remaster
8046870,Welcome To Assault
41238332,ev󠀬0lve
27148624,♥♥♥♥♥♥♥♥com
29633451,PUBG Community!
42272477,Gia Đình Sika
6399087,sToZ Multigaming Community
4444219,Esport-VN
5382940,Wasteland 2
4915339,Level 20 Collector
40953193,nghich tu? da^m' bo^'
6298028,b2W.Older |
28892535,PSYDUCKK
5915562,xtmm - friends and fun !
600987,Sky_911
32967907,Yakuza Kiwami
5967872,AssortDream
52101,THC Junkies
26628752,STRAW HATS...
7346068,ﻯeҳ™
4755837,Steam Trading Cards Group
5681250,'SNSD'
4560738,Legends.GO
8137927,Black Asian
7040283,♛T-ARA[티아라]♛
27774700,CSGOTOPTRADE.COM ^ Free $50 Now!
11811312,Portal Knights
6739464,Road Redemption
5005479,Fair Shop
26987962,BULLETPROOF™ GAMING GROUP
26096327,Cσsmin And Friends
8463685,CubicBundle
30039692,CoolzGaming
45628558,Off The Grid
5026274,KeyBot
26039193,TeamOfGoku
45613245,Europa Universalis V
27032582,☭CSVN☭
32625473,左曲がり
9505616,GameDachs.de
30414596,TradeIt.gg
3257612,Jonilive Team
7808941,ChaoticGaming™
33585035,halit؜e
3404302,gasgsw
9911614,DynamicGroup4
43787911,Folk Hero
25351919,Hao Xiang Ni
2502890,Bitcoin
45158368,Schedule I
26894352,INDIECODE GAMES
27512032,[SKY]LacTroi
26487506,WeouthereinCologne
43768496,Estergon Fast Retake
5204121,Đragos
6566473,"Gifts, Free Games, News - Gemeru.ru"
25071652,Raffle Wizards
148664,CSS-Mädels
25831009,Steins;Gate 0
24198673,Envil Store
7607813,L4D1 &amp; 2 Top 10 Survival Records
3552940,[GER] Staatsgefängnis I | Jail | Würfeln | Stamm | Wunsch by
29867288,500+ Friend Collector
5574541,Greenlitgaming
27357479,Alien Swarm: Reactive Drop
34139853,SUCCUBUS
9897328,TheDaddySilva on Twitch
36797271,22 Hàng Buồm
7551504,fLAW's g0dly predictions BREH
36350327,NARAKA: BLADEPOINT
5847809,War Pigs™
32651752,AI War 2
6673800,Keys Added
43876391,Yêu Vợ Bạn Reborn
24187442,Animal Society
9453,Portugal
11238617,Loli Butte
33806715,Armored Battle Crew
28335357,YoungAsians_VN
4043123,RaceRoom Racing Experience 
29406956,PWND
38465855,Team -RUV-
5528826,A4 Galaxy
4663784,ApocsN From Vietnam
43561596,BlazBlue Entropy Effect
24548562,Surfing Pearl Community
12086772,SAO123
30140405,FREE MONEY FOR CASES (eBiaquDDZI
32271612,'ZWIERZYNIEC
29381567,💎♥♥♥♥♥♥♥♥♥♥ CS:GO 💎 ngx6
9380431,CSGORUMBLE.com
10708130,CSGOForest.com
11540302,Rust stats
8245499,My Beautiful Potatoes
6466393,Call to Arms
4064449,ESEA Europe (Official)
30082635,Alone Mates
32620391,MoonStar-Gaming
11783817,Tower Unite
5854753,Tabletop Simulator
8677989,Kinguin™
41490079,Forspoken
18214932,Tree of Savior (English Ver.)
36341727,Ｃｌｏｕｄ　Ｂｏｙｓ　沿ニ延
28758419,ＤＯＧＧＯ.ＨＹＤＲＡ
28340966,CSGOTRADEFLY.COM  - 50$  Now
8697384,Assassin's Creed Syndicate
8247964,Rep Boost
11707571,Accuracy.gg
31699009,Cloud9 CS ุ
40888271,Infection Free Zone
25030237,Mông Lover
37325533,Coffin Boys Dancing
37130200,bahtı؜ sikikler
4188265,Dota_2 Trade
7847840,Professional Heisters Community Squad
5606440,Civilization No Quitters
5871980,VN CSGO Ra Đê Group
34948692,Planet Zoo
1558428,#cooL
30722345,Boss 7 Mau
6051992,Borderlands: The Pre-Sequel
6056745,Tomato Gaming
28104862,CSGOBETWIN.com   •Roulette 045
32573945,VN.Any1
2222283,Propilkki2
40466412,Muck
6087081,Sniper Elite 3
25165155,SGames LTD.
335725,Westsider
30522176,SINNER: Sacrifice for Redemption
3384997,FREE GAMES! GIVEAWAYS!
26276922,中国老菜鸟-ChinaOlderNoob
25404784,CSGOBOSS
9741180,ZooL
10942477,Life Is Strange!
26890149,$team LvL UP
3952727,Spec Ops: The Line
25201814,Pimba24
9076191,The Wronged Way
11420465,GroupForTheWeak
10553310,Infinity Game Zone
538299,Team ALTERNATE aTTax
4378921,Linus Tech Tips
240,Sven Co-op
5480467,LYN DayZ Standalone
10160924,► AIMBOT
38811639,High Tier India
5562999,♫ Youth ♫
43028846,vkcsgovn
5631,187
28999791,♥♥♥♥♥♥♥♥♥.com - Case Store
26567873,ca si viet nam
4903001,Bot Shop
3953411,ORION: Prelude
30794216,Dentist Servers
34323537,KurtzPel
10626718,IMgaminggear
7391088,Young and Wild.GO
26160196,Black TeamSS
45457699,NINJA GAIDEN 2 Black
21449141,Dua Hau Team
11605723,ConVoke Gaming
5958720,배포 소식그룹
8621819,Full Moonn
28674304,Black Desert
25577910,MAK LO IJO
43798488,MOBA Esport Manager 25
8126282,FunnyTummy
29452476,ThugSquadVN
5989893,DailyIndieGame
11655025,PixelFire Gaming
1440330,tyloo
32282032,Ca si Bolero
6224894,CS:GO Raffles Deluxe
45069451,Dark Hours: Prologue
34382505,Subnautica: Below Zero
6664241,Tastix
6406588,Secrea†
45154924,VCSquad
3952707,Battlefield: Bad Company™ 2
41808049,Matchpoint - Tennis Championships
32200687,Đông Kung
8429167,its OG ma ♥♥♥♥♥♥
4076546,AFK Gaming Esports
25307289,For Honor
27519604,✢Animals..✧
5248470,Pinoy Game Store
34749985,Survival Frenzy
5024077,We Love Animes
5169997,Trade of Games
5655331,Dominator Shooter Accessory
24515121,Lit Giveaways
29473280,galilgaben
4915315,EclipseTV
27717922,China--boy
26581952,Monstercatt
6074539,CorzieR
4696794,Dota 2 Pro Trading
27357052,Gái.Ngon
7505226,Girls&amp;Wine
28325521,To Doi Diet Quy
11285776,Factorio FR
28310064,Max-Play.pl Official
33465443,Desperados III
33091523,Fear The Wolves
34001663,#FREEKUSCHE
5802628,GAME IS HARD ༼ つ ◕_◕ ༽つ
5252382,RedTV
4475243,Tournament Drops Trade Group
27093057,🔥F🔥I🔥R🔥E🔥
25346775,ENW-ARK
2593596,REMIND FR Public
11522721,Lifeless
41030759,S🐸
31321716,dea†h.
25537618,ThaiML
10438863,LEMON ★
25092600,Unturned-Death
5647852,AIMWare.net
25237822,君の名は
5302195,WA LAO BO JIO?
11019368,Hanoi Vortex
28047520,Willy and his wankas
4125452,No Left 4 Dead 3
9882908,Deutsche Fussball Legenden
234268,-=[v]=- Vietnamese[G].
33635002,TAYTOALAM
2272237,Pronion Community
25149466,SG NEW GENERATION
6503102,LingLee ♥
35753955,☯Yami
6258085,Hand of Fate
37419084,Team Trầm Cảm
40277530,Captain of Industry
45681596,Bellatores
26656483,ｔｕｍｂｌｅｒｓ
27663919,ჳ         DOTA777.com         ჳ
7007494,#DINOSOWER~!
3182651,Winter Sale and Achievement Hunt 2011
10195169,GiveawayCentral
40118731,KIostret
41179057,RenéPEEK
10163131,Satanic.ro™
6699463,We Happy Few
25345869,322skins.com
11292363,chivalS
6721597,"Free Games, Coupons etc."
5686976,Against The`World
4001507,Moonzer's Amigos
3561682,AirwalkMedia
4608373,S.Companion
11918600,Agent Origins: Escape
8389588,♥♥♥♥♥♥♥♥♥.com
10751968,1Tap ELITE
30527978,★ Feeder Team
25176010,Elite Profiles - High Roller
25911673,Aurora Gaming Syndicate
5195189,GrabTheGames
40680130,Gái Alime
4736767,*ESC
28908533,Bệnh viện chữa trị các loại bệnh
11393754,Two Whales Diner.
3031936,Inventory Traders
5342610,Megaman Capcom
1765435,☆The Kirby Sydicate☆
4972815,FakeTaxi
9859611,GODGAME TEAMSPEAK
4212769,TL2 Synergies
34616206,BONEWORKS
11942207,Celestial Faction
29359133,Việt Noy
4481378,EpicBundle
39370196,Back 4 Blood
10559787,G2.E-Sport.
6562419,VOZer và All about of BTC - Str
31995612,X ♥ Girls
11970282,DistrionX
28888457,Peanut_butter
31637813,IBuyTrungKon
31507748,Achievement Scouts
30625622,♪❤♚Panda♚❤♫
42189181,Superfuse
5950425,Oyun Portal
35338500,BT_ShowDown
4458614,Lỗi Phân tích XML
8739867,CupcakeWarPrincess' Key Store
3846146,FinFuzzyy
9886338,Góc Game Play
34417651,60yo talent
24573404,Keys &amp; Kroner
28209093,Sisters Clan
25190664,LolCoolKat
5868208,CS:GO DEUTSCHE TAUSCHBÖRSE
10698515,TradeBot Bob's Friends and Family!
29202157,The real ♥♥♥♥♥♥♥♥
28972875,FREE СS:GО MONEY 50$ [DKTYJ56J]
5832507,"if i hacked, vac would detect it and instantly ban me"
1895054,- .- DNS[Gungame/Teamplay] - .-
36137903,Fallen Squad ♡
9815718,Norsk E-Sport
36433511,420HOMIES!
1432692,/t/rap
6907602,viet-trader
35705016,GRUPA RATOWNICZA NADZIEJA
3705519,Ebaw-kak &gt;
7696678,【NEET】's Rainbow Field
33104705,Pummel Party
30509540,PUBG Vegas
5841597,Ra Đê
37413852,RevengersEsport
29828974,Chäschtli vo de Schwiz
4445494,Ski IL
33207575,buzet
33821975,Hội viên lớp MisaDota
22835349,45Lik Alaturka
11797447,DYoshiiTV
16930072,ARK: Survival Of The Fittest
5607605,HAWKEN
29639819,Team_threaded
35109453,Super Naughty Maid
27084140,✪Retribution
3370211,Adil &quot;ScreaM&quot; Benrlitom
26089681,✦☯CSGOAFK.COM
27000850,theHunter: Call of the Wild™
40377537,Bread &amp; Fred
12108998,CSGOSkinBase
7009656,SidaTeam
41267600,BOKE CSGO TEAM
4158188,Chivalry: Medieval Warfare
10774731,CS:GO Royale
5441062,カラー
27658963,The Nayeonnie
32777365,PayforPowers
27155335,"20,000+ Comments Collector"
9517747,bRoTherHood.Gaming HCM
27844513,The Kony African Infant Army
2503279,No Skill No Frags [Communauté]
4459418,Batman™: Arkham Knight
4046876,Russia Counter Strike Global Offensive
25179683,CSGO999.COM    ✥
32497068,Đam Mê Counter-Strike
292203,#unfrag
10158341,csgo-Try.com
7263225,#LuckyArmy
39749226,vnpt bu cac
31248747,antisocial♡
28780044,FREE CS:GO MONEY 50$ [ccs13]
29253003,too4life
6804958,#PUTINLOVERS
6144203,Team 100Kg
2544507,-X6-
11116378,SuomiJailbreak
33234973,武侠乂
11928864,LSD-CREW
28371562,Mein Führer ☠
45062419,R3V3NGE
40520894,Team Flash ϟ
6551283,C4.rs
37176683,BeerusS TV
40326040,Motor Town: Behind The Wheel
33919911,[HKB]-TeamNoFear
35486562,♥援交女仆咖啡厅♥
11909627,NEKOPARA Vol. 2
4248891,PlanetSide 2
16801113,RunServer Games
2258701,Gaplayground.com
4936159,We only buy Linux games
296677,TeamLiquid.Net
6201122,ESL Counter-Strike
27141382,"5,000+ Comments Collector"
7373446,CS:GO Trade Fast
30335219,BOMBARDIERELE
33365433,Tim Lai Elo
8017576,Vascoga's Raffling Group
6525253,HaitiansInPajamas
12132856,#Раздача вещей
42603518,IWillBumBumYou
7090541,JOCURI MOCA
25199893,Revo's Giveaway Team
31703588,Pu$$yG4nG
8326916,ONE PIECE PIRATE WARRIORS 3
30814630,GOD TIER COLLECTORS
5204392,LeveI 220 Collector
11277101,GO-JEK
7607526,HuniePop
9817974,PowPowPowerRangers
26493184,Alliance5★
25285007,Pyre
43602245,ᴄᴀɴɴᴀʙɪs
34686423,Trade Marketplace
11528230,Grim Dawn Viet Nam
7303058,CS:GO Trade Here
2384925,[X4]
25835379,Sky'ss Esport
29177344,SILVERTEAMxdd
5201397,|ىíζvєя-δαωŋ|
28305374,MAKEOUTHILL
32047934,Hong Kong Home-Based Community
10336853,Bad South Official
23975764,xG.NIP
29177195,Turquoise and Blues
255962,STCN
32651173,The Last Front
28011486,XTG ARK
5310547,fl0ms stream group
28258224,X2Skins.com
27489485,BienHoaFromSouthSide
26750452,Finding Paradise
11840511,-Team Liquid-
6229260,No Cure for being a ♥♥♥♥
6172410,SingThaiDisco
11067053,twitch.tv/IdropRainbowz
554109,Left 4 Dead
7078953,1hp.
28640525,Catpuzzlers
10107427,Hạ Nong Gâu
25536312,SnowFox™ Giveaway
5352765,Bhop Expert
26582795,✪ Rebellion ✪
4723425,GAMEMINER ELITE GROUP
3920823,THE SCAMMER REPORTER
6172320,Robotic Crew
11603046,#AEBB
32970965,rustbois1
30620888,Stick Fight: The Game
8957071,Trove
25911590,gitcoin
27540895,ZONERBOT
36537258,S1mple`s fan page
10511558,CS:GO Trade Up
14543959,Skin Dragon
10988585,Katowice 2014 Traders
30392175,XYPE E-SPORT
11705674,Team Fortress 2 Competitive Beta
10219278,CS:GO Announce
24151447,Dank Horse Pussy
5772018,Narcissu 1st &amp; 2nd
4916999,Level 100 Collector
29099847,Game10Gaming
23035166,WinterCuS
4597640,Kenshi
8449476,Team PW
41989111,Bọn Tao Bị Dai
937192,Satanic
9888704,*DeezNuts*
3953243,Pox Nora
1011658,Taylor Swift Fan Club
26820123,ＧＵＣＣＩ
35016716,❟❛❟
32486372,FREE™ COMMENDS
9016488,ez noobs gg
2124712,[R]yesS.
10823330,Threats!
6712955,Project D Online
11037635,Hurtworld
25084499,♡ღ Purrfect Profiles ♡ღ
45164767,Deadlock
3576973,DotA 2 Girls
4649813,War Thunder
24700456,★Trade★City★
12183423,Super-Slim
4326769,GeпаRды`
44042951,1327Fast and Furious
44156989,HELLDIVERS™ 2
45494954,咸鱼殿下
28608347,SapOwner
3643075,Indie Kings
28633993,Beatz_VII's Crew
28262055,천만탭
36023384,Bucket Sausages
10794745,重庆制造
37288804,Mamochki Rostova
28754356,💎 ♥♥♥♥♥♥♥♥♥♥ CS:GO 💎 AO1
27936473,Counter-Strike Vietnam
26922707,The WhiteWoods
29984249,[RHG] Rush Hour Gaming
2938984,TOPOFWORLD.
6268855,Бесплатные ключи к играм
36355887,14.avgdemon
3815580,VN Traders Group
1584873,Let's play Hentai Game[エロゲしようよ]
27191773,ZoliWorks Public Group
4795276,Ryry&lt;3
22578330,eSports Enclave
33711815,𝓣𝓱𝓮 𝓗𝓪𝓷𝓭
43776342,Sex Standing
5366259,xqR Vietnam
25065266,easy to kill you
42660829,Bản Mõm
11888428,CsgoRave.com
33232457,TRUFFL3S
9344496,CS:GO Traders / Giveaways
3932849,DOTA 2 Shop
25339077,TEKKEN 7
6314460,Capoo Cat
12657706,my good friends l0l
8635892,CtrlV.
9781420,Freezzer
5970075,CS:GO Zone
7428350,CSGO.MY
29728941,Anomaly Society
26756900,Wong's Store
11456872,Granado Espada
35145365,+1 -49 elo
38598473,Sinh Viên Đại Học
6148844,Anomaly Group
10842032,Navy Blue
35167648,FaZe Clan Vietnam
21388449,PingWin'ers
33906904,Risk of Rain 2
2919595,Pietsmiet-Fanclub
27987801,🌙💙
28986469,RealEye.
2606855,PjdClan
11269461,Quadratic Esports
2750521,EDGE
30858252,SW Extension
5979366,WGN Chat
23378702,Hyperdevotion Noire: Goddess Black Heart
5635721,Yargis
1695450,Bravado Gaming Community
26868612,Japanese School Life
5824364,Merendeiros Returns BR
7859241,Ascent - The Space Game
3952656,Secret World Legends
10877243,Stance Gaming
5252278,CDKeyPrices.com
1126606,e-Rowdyz
24586817,Bú Cu Legacy
25176047,Elite Profiles - Proud Gamers
42229234,MOBILE SUIT GUNDAM BATTLE OPERATION 2
31741128,9b9t ♥♥♥♥♥♥
40079903,I pray to die
2512175,MWEB &amp; TELKOM PROBLEMS
5628446,黑社会 - Triaden - 黑社会
31474389,Dream Team VN-2
2846308,BUKKAKE!!!
27563993,Elite Shinobi忍
9312586,THE GLOBAL ELITE..
5063271,ChinaDragonTeam
6029698,Wat Doing
42042794,GiangHồCute
11827636,YoutubeFatmanFans
23314063,GOD EATER 2 Rage Burst
37565406,Helltaker
2877505,Европа
8007791,FreeStyle 2: Street Basketball
12160015,Luna's Children
10065129,Road2DragonLore
10511439,CS:GO TRADE PLACE
5509543,Removed Games Collectors
9367594,Icryeverytime.com
33313348,Miitschgo &amp; Friends
26964620,TOXICVNPLAYER
38423478,Battletoads
28496142,streambonus.com
32841950,Workers &amp; Resources: Soviet Republic
9207430,Epic Profiles
27948574,CSGOFisher.com           ♩
4733337,PrevezaCity
6891535,GIRAFFEZRAFFLERZ
35670077,SYG-GAMING
5556183,Kosuda Stream
33873717,Khá Bảnh
7585570,GermanBeasts
2574772,Dota2 chinese community ヤぺヤ
36881171,Knock on the Coffin Lid
1696340,Frag Shack
6928458,Dota Candır
42309396,War of The Worlds
26565506,FR13NDS.GG
9858602,Battleborn
43578892,Mixi Police
25946148,Wastlanderz
8139385,Cakewalk Sound Center
25236715,Mamilos Club
2999754,Thai Dota 2 Community
3620610,Lusitano Gaming
26494313,World of Tanks Blitz
3834022,Peace-mad Rastafari Cat-lovers
34813414,rMusic
5983289,veni vidi nici
29363803,Giveaway skins CS:GO 28June 379
5522574,FStyle Crew
4973099,香港極限跳躍團隊
5240021,Counter Strike Global Offensive Matchmaking
32802554,GAMENHUCAIDAULON
11263073,♥♥♥♥♥♥♥♥♥♥
42526947,Wo Long: Fallen Dynasty
41614667,Chivalry 2
3952856,The Darkness II
24007199,CSGO FreeBeting
4961622,TF2 Item Raffle Group
24672932,eXcess tournamentS
1961241,Straw Hat ♥♥♥♥♥♥
27545049,CSGOTRADEGET.COM ^ Free $50 Now.
960123,TitaNs eSports
6144970,Grand Theft Auto V Legacy
235953,Medic Appreciation Group
2061194,FAN DE``
8067875,Steam Controller
5433732,can berat ve diğer türkler grubu
35361209,CSGOEXO.COM
7531048,Slowyy | Store game
35841199,Victoria's Sercet Esport
7491944,TF2 ~ Raffles
37979561,Beautiful Light
6540,Anime Elite Guild
32021250,Debtor
4580210,[Dota 2 All Traders]
9136732,Liquid-
28437984,MaBuOkCko
628356,中国 求生之路
25605478,We Need To Go Deeper
26074194,TYRALNIA JD
10051354,☑Boosted-Shit
32865068,✬VAC✬
29493299,Strikedrop - CS:GO BOXES
11709245,climbLOUNGE Asia
9110426,Barony
24708222,Team König
28488981,GamesAndME
34760884,Subverse
8365593,Nestle01
28179870,MaDiHu
31639517,6.3 AMG CZAISZ
4306444,Shadow Warrior Classic Redux
4570795,Ninjas In Pyjamas (NiP) - Official fan Club
12652737,Day of the Tentacle Remastered
27986232,Steel Division: Normandy 44
10543351,Keulistn
29668060,HoXanh
11557839,YouSkins
4457520,America's Army: Proving Grounds
11613414,No Freaking Hope
35413156,NinNinDays
3952632,Super Meat Boy
35813447,Trash Sailors
4969815,Убойная  лига™
6722008,Tau Hai Team
26797558,★ csgo111.com          ★
33970004,Prodeus
32248629,La Casa de Papel 👿
33713286,NADE404
32790954,Kampfgruppe_Lehr
31081128,Oh My Chúi
1017675,Lesbians Against Antarctica
7240815,Esᴛᴏɴɪᴀ
28220496,CSGOTRADEFLY.COM*$50 Now
31019375,Break the Game
11765365,Nepgear Did Nothing Wrong
30342478,Epic Cards Battle 2-Dragons Rising(TCG)
9404785,Schnabeltier-Crew
26312799,Wallpaper Engine
28147957,Shardbound
8513783,-EPIC.FAIL-
4496197,Killing Floor 2
5832503,LemmoNkiller
11462905,♥♥♥♥♥♥♥♥♥♥♥♥!!!
38258142,FC Rynkcanhga
9330310,CSGOBoosting2k
38153534,A Town Uncovered
390864,Stop invinting me to your uncool groups
11911759,Nos Fans Club
37621038,Fnatếu
5755515,Disney Badass
25305274,CSGO CASH REP
9581242,Party Hard
3049006,Rockstar Games Official Game Group
1657574,Team Fortress Wiki
27689625,Demise Artworks
26985924,QuaySoon
6559456,Rape T34M !
5558984,Moondye7 Official
35705857,Cụ Lao Công
32461058,Jurassic World Evolution
24800687,Annexed Community
4344414,Free for VN
25167170,Quirinus  Gaming
26845014,Ultimate General: Civil War
35380272,g؜ame؜sense
34287415,Sly's Card Bot
30198010,OPEN CASE - [251]
29741906,クー子 Kūko - cosplayer
29597083,Demented Crusaders
37900052,FerrariPeekツ v2
36289676,Hjemezez
4765624,X-CYBER GAME PORTAL
30439441,Đầu Buồi
27768464,Cold Waters
7873099,Victor Vran
38011682,SUPER PEOPLE
1685072,Alien Swarm
1485735,[TW-BH.Jumper-Team]
41198461,Sex and the Furry Titty 2: Sins of the City
38365286,"Warhammer 40,000: Darktide"
27567806,TTT Traitor
5527479,The Banana Shack
11163214,oKeyush: CS:GO Cartoon
5204019,GameZone L4D2
8516314,Kotełki Yuny
26272140,Tha Thu
5190090,CS:GO TRADE ITEMS
4422008,DmC Devil May Cry
26548194,Famous Artworks
11458364,Gamers Converge League
25674194,GA-ProTeamCS
26134944,◊CSGOAFK.COM♚
2799889,Arma 3
5081968,Helden des Alltags
24001406,PVP'30xG'100T100xp'MODS''502LvlW
7339441,Dota 2 Trade/Бесплатные раздачи вещей
5800757,Breach &amp; Clear
30822699,Lank-Ren
27918393,♥♥♥♥♥♥♥♥♥er.gg
4557652,Headshot-Factory.net
3754119,Дави на газ !
4916995,Level 90 Collector
4789845,--ICE--
43953575,Immortals of Aveum™
7113019,✪ GIVEAWAY LINKS ✪
35836772,ez to LEM
11617082,Trinium Wars
25391843,Valv∃
5220784,"Lỗi Truy vấn: HTTPSConnectionPool(host='steamcommunity.com', port=443): Read timed out. (read timeout=15)"
25474938,PowarRangirls.HN
10872222,LIGHTNING RETURNS: FINAL FANTASY XIII
31188746,Dragon Sin
2475768,SLINK - FRIENDS AND FANS
31734425,Freeman: Guerrilla Warfare
7715323,CSGO Betting Lounge
26088762,Esport Points
12044387,Weed eSport´s
36800011,WEGIZ - CSGO
5872786,Broforce
37200088,PokemonGO Major
4312225,Steam Community Market
10075581,Hitting pregnant women in the stomach with a cinder block
28210135,HeLLSpiriT Gaming
29354545,♥♥♥♥♥♥♥♥♥♥ CS:GO 💎QqQqxxxx
5747511,CS:GO Reputation
35504847,GRILLSTHATGO
9335555,РАЗДАЧА CS:GO
4972411,✖ How to kill a zombie?
10108288,Annual ♥♥♥♥♥♥'s Anime Hangout
5012865,Girls.TM^^
11528416,Team XILCS
27457047,Pikachu Hai Phong
24004532,Anime Vagina Slayers
30083281,PixeL.'s Level UP
9713124,Ringmastersv Group
28007909,NieR:Automata™
24211850,Bạo Lực Đoàn
5316959,BlackFLΛG
8905516,War Trigger 3
1162660,Killing Floor South Africa
27140566,[M]yName
871685,1337                          .
5204389,LeveI 210 Collector
28601596,NMAUS Level Up Service
10117101,UltraShock Gaming
28617712,✪TheGlobalElite
33220344,NARUTO TO BORUTO: SHINOBI STRIKER
4601846,Warhammer: End Times - Vermintide
26635090,Que Ota?
42649966,M142 HIMARS
44492117,BeanP33k
42415654,Ghosts Of Tabor
1543592,Socialist Republic of Vietnam
34918072,Bo` Huynh ☆
11287722,Divine Shop
35210272,Cyberpunk 2077
29063068,WE THE HOT
3739132,GR-NeT
32748159,Sedoc
25171928,Muslim Federation
27317750,ULTRAJUNKY
4794673,♥ Collectors
27341891,FaceIt Pro League Antarctica
10214015,Dota2/C:GO Buy and Sell / Cash REP
9801928,+1000 Hours CS:GO
12673562,XaoLo.Team
32508612,ANTYCHUJNO
29635450,e220taners
2360078,GameVN Shogun 2
16639,Xtreme-Jumps
6740526,Depth
28196434,Everything
27948252,ᵰ       csgofisher.com       ᵰ
6162112,+rep
33995972,Key.Giveaway
29589976,High-Voltage Gaming
11326045,Cool Profiles
11789341,High-Half
6122332,Deadbreed®
34895085,RustAcademy
28246742,Animated Star 2
9751402,Framgia.Doto
11087116,SkinMelee.com
38864228,buff balance trading
10006645,Krowny
34248325,VIFUN
345384,Bogatynia
9037534,PlayerAuctions
33222169,VGOArena.com
9362073,/r/gamindustri
25760234,Bong Bong
6906802,JAV.Idol
7299790,&lt;UberTube&gt;
11471984,Scrap Mechanic
5620571,Gutscheine zu verschenken!
33681993,DVitamineS Giveaways
403042,models
12250060,StayFreaky
27493147,CSGOHOTDEALS.COM
29520797,CSGO FREE PROMOCODE 200$!dsja5
8913224,[*]7LifeZ
5009986,Bit.Trip Team
11026500,CSGOAssist
27960765,Billionaire™
3952740,DC Universe Online
10883644,上东区的秘密
11973268,CSGO Double Up 2
25587814,Perfis mais bonitos de Portugal
11543747,Garbage Day
28698380,CSGOYEAH
29020589,Tactical Combat Gaming's Milsim
12088269,YoutuberVN
33196591,★ TEAM RUSH B ★
22809886,Gremory Clan #
4667975,siN (NISLT)
28846047,GL1337
33038843,Resident Evil 2
3065083,Group GATOR
8471300,Josef Fritzl's Hobbykeller
5749241,#LEJEN
25688297,Newbie VietNamese
32379313,The Sanas | 사나
4610334,Серверы Quake 3 от VsemTeam.ru
21865741,Alien-h Casting
30949907,FerrariPeek
33507821,SuperSenpaiGanger JAV
11536098,Rising Storm 2: Vietnam
9529270,@CoreGamingSTL
3237333,RétrícØre
10799031,Tom Clancy's Rainbow Six: Siege.
27834322,RC EZ RANK BOOSTING
282642,Rest of World
27006835,VN-CS:GO AK RANK
24387406,P r o b l e m ?
25688673,*   csgo999.com           *
11255630,DajnoSer
3953398,Need for Speed: Undercover
10490305,Plank or Bust
5272823,슈퍼실프의 스팀게임샵
4895245,TrackMania² Valley
8594581,No way to run
25538091,〄     csgoFPS.com
4759298,CardTrades
412645,CLANNAD
40322887,I nxxd You
28599077,Vietnam PLAYERUNKNOWN'S BATTLEGR
2555393,Hatton Games
25811093,bubba fan club
5211392,Team. -Random5
6203843,Easy eSports
12128294,Labrador's
7085484,Zeit Zum Kiffen? ~ GameServer
26160215,BlackDarkTeamSS
30685076,Sugar Minions
33325641,Official Team iZi
14157757,Bundle Experts
9049349,BenorizorTV
11908621,🍊 People
29255645,CSGOTower Monkey
21899928,Abeyance Gaming
32239486,FACEIT Enhancer
2770920,Mi Tom
33167460,三国群英传8 Kingdom Heroes 8
37627051,Thien Lanh Bang
34612069,Blood Trail
24133672,Skins2Keys.com Official Group
26467431,Lord TiTo
30583116,索然无味测评组
7739207,GabeN's Cult
26427901,500 Badges Collector
2357362,Counter-Strike: Source Academy
11465607,Indie Game Giveaways
5132688,Dota 2 Desperion
11779272,Blood and Bacon
26499858,DankRP - Community
26113590,GODSENT !
7887217,AdamsonShow
3932605,IF IL IMI
26364886,KZTimer Official
135,Counter Strike
8548946,EZSKINS
24714686,SUPER  Giveaways
28220837,HjjjjjLive
23589043,Level Full Collector
35210618,Age of Empires II: Definitive Edition
5198727,Deus Ex: Human Revolution - Director's Cut
39873062,SKYBOXx
26313156,Informatycy 1b
27338872,goldendudes
3952921,Crysis 2 Maximum Edition
6880762,This War of Mine
10390302,Litmitless Club
3952646,APB Reloaded
24801912,欅坂 46
8448340,DaborDieDankMemes4All
7927267,STAR.UXG.RO [ CLASSIC ]
6990573,JAV™
6859598,LadyKiller &lt;3
3952775,Need for Speed: Hot Pursuit
32267820,Literaty Gaming
8144073,CS:GO Collectible Pins
25672820,Good Vibes Surfing
4915346,Level 80 Collector
4833871,BLASTEM
35856769,Voidtrain
7234940,Saints_13
25523551,Dream Boy Gaming
37563631,SWEET MILF
24851473,świry z gta
11298547,Vanklasse
8955834,CS:GO Bet Analysis + Advice [TR]
9874968,Awesome Ass
6142328,The_Cpt_FROGGY CLUB
40606120,S.O.T.A 2
30353963,Pixel Traffic: Circle Rush
21953007,Digital Homicide Bundle Lovers
33652326,ぬまぞうファンクラブ
25621472,.SK.Gaming
33368712,13 yo talent
3952729,EVE Online
6021236,Rastafari's
24321159,Tài Tủn Team
33171098,Monster Hunter: World
23725666,CrazyḰidZ
29093404,[!]FREE CS:GO SKINS 50~100$/8\
2265137,Reddit DotA2
5295027,CS:GO Give aways
9223642,♥♥♥♥♥♥♥♥
3535978,TOPGERMANY x
33651146,Supreme Profiles
11450296,FINAL FANTASY IX
10953778,MuchFakes
10872687,Dung Gaming Center.
30999780,poor ppl only
5312798,Dairy Dota 2
32444721,Vietnamese mah City
1226491,HardWar.sk
2256926,Natural Selection 2
1557717,L.G# Lucky.Gaming Community
30034162,CSGO_DROPGUN
28135367,Earthfall
36858189,học sinh chuyên Cần :)
9250550,bRUNTE's Änglar
33827663,Bo` Huynh Reborn
30644662,CaribbeanGifts
27556035,Wolves  Gaming
9330683,TRCLANS
25698510,hi╭∩╮◕ㅂ◕ ╭∩╮
31001453,Spirity Level UP Service
28026990,RUBIK-S
26411231,-XenoGamingCommunity-
35190912,Destiny 2
11897642,H2 Pro Gaming
4713746,Dota 2 Trade For Fun
12657867,Ocean Media Games
10648170,Official PENTAGON Community
6583864,The Crew
26535225,GiGi Esports
11598208,SE ASIA CS:GO KZERS
26189021,✦◊CSGOAFK.COM♚
10866983,CSGORewards
28750849,FREE СS:GО MONEY 50-100$ |38|
4915342,Level 50 Collector
39103985,Undisputed
9911617,DynamicGroup5
38298844,hau u lai toward
9380188,purotexnuk CLUB
8345853,Cloud 9  |  G2A
9399054,Logitech   G
1718595,~帥哥~
27139756,Golden Cat
9040646,Tom Clancy's The Division
10129,VeryGames Community
9344104,OMGsoNOOB
25425535,Batman Fan-Group
28865511,#Gentle5
45157740,Borderlands® 4
7643361,We Love Raffling
25144373,ZomboidRP.com
13059,yyy
26462806,"Na’Vi,G2A"
51632,Gniezno
28262264,Uranus Society
32720261,VIETNAM AND World
32706735,主播经纪公司
3747900,Russian_Pro_Gamers
35425702,DUTCH AIM
28504380,Swap.GG
30241440,PUBG Heaven
4281365,#Fortune
28289768,CSGOTRADEFLY.COM  | 50$  Promo!
5436989,v0zer - Hội l4d2 bản quyền
6259547,LaMarguerite | Game Store
4305482,Carbon Gaming Network
27337378,𝙲𝚊𝚛𝚊 𝙳𝚎𝚕𝚎𝚟𝚒𝚗𝚐𝚎
29091644,💎 ♥♥♥♥♥♥♥♥♥♥ CS:GO 💎SE3
8399370,DeliciousMilkGG
3045502,Хочу сказать !
6414737,/r/kpopfap
3628994,gfl servers
10516610,Team Majesti'c
42514422,PiNetwork
29569954,Master Guardian S :D
7233407,Kuchenrepublik Deutschland
34122150,Không Chơi Với Pom
32921521,movemint
5889943,BreakingPoint Mod
5269028,TSG Fans
40262984,3 Con Gấu Entertainment
6757571,Exort Pandas
30821771,The Crazy Dudes
10028503,SMITE
115888,gamers fra bøler
9011622,Holy Potatoes! A Weapon Shop?!
5207653,handi henchmen
26910989,GunsNRoses.VN
4563607,Mad Max
10752186,Forward ►
35855860,JannyVNcs:go
28278361,Neverland KZ
32342899,Ninjas Ride Vespas
4332708,Orange_Circle_Gaming
36470843,QUALiTY SELECTiON #
25194729,DaCringe
21394779,CompliD Gaming
26729360,Dope Profiles
9841333,CSGOMode.com
6363523,TheM1ghty Trading
5941109,Flat Club
25268413,twitch.tv/theroflm0nster
10998514,Lucky and Hard Boy
10067830,Triple A Bets
32411207,TFrag.dk - Community
37714536,The Ascent
6820517,Ti Dota 2 Shop
4964443,Opium Pulses $avings
25244178,㋛ csgoEXP.com  ㋛
3069915,VigilanteGamers
3338349,Cheeze Got Fans (ChGF)
37507104,𝑾𝑰𝑵𝑵𝑬𝑹
10363707,H1Z1 Duo Tournament
30603659,. ＮＯＳＴＡＬＧＩＣ .
4596057,Strike Force Zero
26423692,CS:GO Multiply Items
7178216,#Team Negev
28239631,Suicide Squad LT
10584229,Teamenvyus™
8317910,555 Gaming
1124186,| Cake &lt;3
3952681,Grand Theft Auto IV: The Complete Edition
25656360,DeadByDaylight-Gruppe
12088683,Roadto1MMR
30386134,Insidia
27531138,DHCLUB
25443417,CSGODUCK.COM
7499264,United Arms Arma3
33624603,GiftBox
6345634,UnturnedVNFunny
7023,Razer Zone
3833936,CS:GO FREE KEYS!
9904046,SOMA
38108427,Cá Rô Phi
25205183,❇  CSGO999.COM  ❇
2996478,Elite-Gaming-Unit Clan
32540489,Half Chinese Team
3502017,/vg/ DotA
4497887,DropLooker
585687,cyberarena.tv
6113223,VIETGAME
32293795,Crash Bandicoot™ N. Sane Trilogy
36025101,-40 elo crew
6234109,Warframe-WFO-Clan
33549256,Chó Điên
29259084,Justice Kids Gaming
7132565,The Talos Principle Demo
1585446,Sapphire Technology
28702290,FREE DOTA 2 MONEY 50$ [F0PMM8]
12134860,Planet Centauri
5557589,Slumph's Livestream
27735192,CSGOTRADEMAX.COM &amp; 50$ Sale.
32964451,日本コミュニティサーバー
9451648,Chobits_Chii
10066113,CSGOHAP.RU
33654211,VN-One
34679414,ohnePixel
9073567,「ANBU」
37035890,Horizon Zero Dawn™ Complete Edition
27273578,lil pump
7220583,Alpha Vision
37509992,VeteranVN
6363273,Rthaur Gamers
29699866,Petra Army
4047224,FreeTF2Keys
6872933,KatanaVN
6140644,YOLO Pawnshop
46181,Vietnam CSS
25562371,◮    csgo999.com
34944768,F1 2019
9588563,csgohub.gg
27759738,Mát Nẹt VL
8677200,60 Seconds!
33836086,Among Us
24689433,Bang Xạo Lồn
27518174,Mah Name's
3952895,RollerCoaster Tycoon 3: Platinum!
34065684,On God 4REal
4151617,Hyenas brothers
2439341,Maximqqqa Friends
24163932,Shadow Tactics: Blades of the Shogun
9796862,Magikarp Society
4062916,Worms Armageddon
35823202,Between Two Castles - Digital Edition
12455,Girl Gamers
29149319,The Crew 2
12660984,Neptunia Family
1264475,X-tremeVN
4361491,PoliceDogs
11476815,TheSoftTigers
5727978,Goat Simulator
29092938,Vampyr
9691,longisland Game Servers
7389103,Golden Profiles
37806576,Augustusburger Freizeitzentrum -
10077269,♥♥♥♥♥♥♥♥♥♥
61326,The Illuminati
11731242,Danh Hài
4114548,gampter_servers
2062684,Guadeloupe
5485736,Y So See Ree Us
28387046,Nightridassss
9852124,CSGOMinute.com
63136,Lovers of Games
6950923,M A G I C I A N S
12075057,GhostCap Gaming
11582149,Game Over !!!
5629905,Gamers With Suits (Public)
10088936,►aimlock
33260156,OnCall
5109708,CS:GO  TRADE
3996979,Dota 2 Vietnam Pubstorm
12140718,Derank.We're Coming
5360024,GeniusPieTrap
2864424,StanceWorks
4657028,International  Gaming Community
28226452,Fences 3
2265161,Horstor &amp; Friends
31893778,TheHummingBird
29157163,Oats Studios - Volume 1
31280850,The House of Da Vinci
24468017,Viet Editor Community
27654152,DOTA777.com          ℨ
25287300,Viking's Bro's
4336589,Vietnam $team Users
4674025,Khắm Bựa
6198385,MY FRIENDS by SneePeur09 [FR]
6360089,The Cult of the Spruce Raffle and Giveaway Group
36345844,Samurai Simulator
35996384,BismilahPEEK
11630176,MoonStarGaming
32125501,✪ Mapmap
35323464,Conqueror's Blade
8529188,♥♥♥♥♥♥♥♥♥♥
27982621,cơm chiên
10128008,Sir's Good Time Trading Business
32309447,This is a mememememe
11115880,The P*wNeRs
26110310,✦♚CSGOAFK.COM♚✦
29019498,Survive the Nights
29435871,FREE 1-30$ FOR OPEN CASE (G5G)
39032135,Ruined King: A League of Legends Story™
6530756,Flawless2Victory
33018500,Circus Esport
4123498,High Skill Top
31478430,1000Anhem
5207466,FSCB fans/subscribers/members
28255921,Nyky's cash rep group
3827515,Dota 2 Players ¬
27796575,CS.DEALS
25333692,Dishonored 2
33433013,PelerinliPanda Resmi Grubu
3819644,Dota 2  items (предметы)
11429998,Everything Fudgy
24825125,Skinfight
27227848,AstrikeFC-CSGO
6158306,Korea Trade Center
27020619,Noob All In Green
12002589,Factorio
22059,Christian Gaming Community
1868227,Tactical Combat Gaming
8822309,Team.Ravers
26470810,Collectors Invite Group
6743580,Ceh9.tv
4012511,House Of Climb
7457690,Perfect Golf
3952924,Grand Theft Auto: San Andreas
45107593,INAZUMA ELEVEN: Victory Road
25300306,♥♥♥♥♥♥♥♥.com
5452,Lethal Zone
3952839,Bastion
7605912,Mantrouminati
10152234,Acidum Sulphuricum
27012442,SCUM
4934986,GUNS N ZOMBIES
31398036,Con Vịt Hồng
27738824,B4iTeR T34m
31506429,Beholder 2
7178453,Fsoft Dota 2
26638388,FirtsTouch.
27598075,Ninja Lead-er
25807556,ASSaultFoogits
6645339,İBUYPOWER
27914387,",          CSGOFisher.com"
31621728,AtseGroup
1568494,Civilization Players Leagues
6149363,Secret Ponchos
9149837,unturned brotherhood
5363624,*Porn Star*
17003455,Force Staff team
4464438,杉果游戏
10174797,[CSGO Trading]
29813024,Into the Rhythm VR
3836060,Dota2TradeVN
36337653,Đường Đến GE
6363826,Indomitable 5
29475639,Hand Simulator
6736136,Siglap9.GG
6269237,Icefuse Networks
26144543,◊CSGOAFK.COM☯
3809718,CS1.6 Без читеров
26628811,Digimon Masters Online
38060554,BUFF Balance buy&amp;sell
6875976,WE ARE THE RATS
7335789,Superman Public
3304895,KOMI LEND
22275819,✧     CSGOFPS.COM ✧
7406661,CSGO海外群
4155016,Good Game Dota Team
30121930,Giveaway skins CS:GO 30July 6393
37357660,Ninja Gaming - Community
27731950,ↂ       DOTA777.com
40716960,Wizard with a Gun
39008018,aespa
28448533,FREE СS:GО SKINS 01-85$ [ql2]
11244384,HotChicksGaming
11752812,Bundle Kings
29569811,FabianShop
31054297,DST Xavier
3661424,XboxPCTeam
33789720,SG Tau hai
28685211,Metin2
3638094,Dota Talk
11421109,Golf With Your Friends
6530039,Football Manager 2015
28100498,FreeGamesBonanza
28583281,REX Friends
26972807,Cancer Of Steem™
25582135,Christmas Giveaways
6016390,Team Bubber
6625751,Lethal League
27006858,VN-CS:GO Eagle Rank
4202068,Vegas Store
8294259,Golden Giveaways Group
8135100,IS idols
33066048,The 6th Sense - AlmightyGodsHous
25321617,✫   CSGO999.COM
949563,America's Army 3
4136144,|CsK|
33325899,SpinOnline.se
24169984,Society.GG
4251362,Babes-Squad
28381487,FREE СS:GО MONEY 50$ [H2]512
37503774,am sorry heeeee
4905402,CS-LegendGaming
34243848,♿ WHEELCHAIR GAMING ♿
24007115,CSGO HowGetYourSkins
29040865,󠀡󠀡󠀡󠀡󠀡󠀡󠀡󠀡󠀡󠀡󠀡󠀡󠀡󠀡󠀡
3247053,[ GazGame ]
6624554,DiceStyle
10857200,NARUTO SHIPPUDEN: Ultimate Ninja STORM 4
32624013,Viki Spotter: Space Mission
40976100,Stack9
40504889,CS BULLETS
23954989,Deduction's Friends Club
42578171,NamKyHunter
24339192,Powar Rangirls
39103493,Đỉnh Quang Minh
34893669,Tiamat VN 🐉👑
6051001,i♫CYBOX
3953221,Quake
11272318,Who's Your Daddy?!
29309106,80-Gaming-CSGO
5322803,Clanvn.info
31236554,DK-HBT Academy
36626686,PhanTấtCông
9025710,Rogue Soldiers Public Area
6702297,CS:GO Betting Advice - Giveaways
45343552,Split Fiction
5929917,Greenlight Gamers
1951552,"Stoned, aber richtig!"
27748966,SkinsProject.pl
2450706,MY ANiME
28091571,Steaм Level Up Bot
21953032,Digital Homicide Greenlight Fanc
33911737,Cows VS Vikings
5991803,Dutch-ReUinion
9690383,Ga`.Gaming
1848288,Portal 2
44841594,Indiana Jones and the Great Circle
27994944,卡牌bot联盟
31013908,Nordify
4917018,Level 150 Collector
8656744,TSM .
27971017,PUBG: BATTLEGROUNDS
875292,German Steam Community
26824174,G2 Esport club
44775429,The Emperor and State
25957110,∮             csgoASS.com    ∮
32514028,The Spectrum Retreat
36253151,Last Year
32343096,The $wags Team
6957230,Unidos por el Diogenes
5265312,Official MrWoodenSheep Group
11898599,Critical Annihilation
5196331,VERYGAMES ♦
23172167,m2k5k
10106557,G2.‎‎Kinguin‎‎
9141124,TSLD
27632848,ムSoftiム
7433446,#teamSLAP
11075611,Anime leads to Hentai
1635484,a.k.4.7
33393847,SCP: 5K (Alpha Testing)
43425894,𝒞𝓁𝑜𝓊𝒹 ☁️𝐵𝑜𝓎👦
5008171,Comics Zoom  (DC/Marvel)
7620185,Raffles Party
3556239,Indogamers
2473884,Thê DârK KN~~ÎgHT's
6993103,PAYDAY &quot;Bank Robbery VN&quot;
6754769,Cu Đức Family
30230666,我Hokage
70789,NAG Online
27179238,Witch It
38401940,Phantasy Star Online 2 New Genesis
38972854,AE-Đống Đa
7223178,CS:GO Raffle Simulator
8747593,Lightning-Gaming
5754622,Sweet Secretions
9774256,Кawaii ♥
11366164,CSGO2X
11959326,MaschineTV - Community
3984238,CS:GO Singapore
27564983,Skin.Trade
1769676,cool letters
32769438,Shao Squad
29278946,stfu.exe
6120437,PocoMods
31452263,clay entertainment
47775,-GoV- Community
11418077,Level 88 Collectors
7209467,Golden Raffle Group
6577830,Counter Strike: Global Offensive (Deutschland)
14749968,TeamMlCROSOFT
45058037,Legend of Heroes: Three Kingdoms
6060424,Rage 'n Quit Community Group
7471852,Latus Vincere
11874618,Blocksburg Unturned
29004684,DisneyEksDeee
45478752,Car Service Together
35665919,HUMANKIND™
44030674,Anomaly Agent
6523154,Apheriox
8682868,Mount blade warband ==&gt;Napoleonic
44396218,MalaysiaSlayer
26627659,iGamers.PT
7675479,Hyperdimension Neptunia Re;Birth1
29149404,Skull &amp; Bones - OLD DO not use
9560795,Leeder and Friends
3952746,Crysis
4713606,Vince Boxer FANGROUP!!!
39092752,homies over bitches
37004036,ͬͦ ꧅﷽﷽﷽﷽﷽﷽﷽﷽﷽﷽﷽﷽﷽﷽﷽﷽﷽﷽
32262836,Offical-RivalGamers
10328911,VLADOPARD FAN GROUP
24805663,giveaways on csgo
34050958,APLbots
30744,ProCSVN
28393982,FREE СS:GО MONEY 50$ [H2]WE
7370097,SKT T1 Faker's Betting Predictions
25327771,SwagGangCrew
9527670,Submerged
4966544,[TradeBot] Keys / Rares
4461228,Grim Dawn
31795885,CSGO__Boss
7511058,fÖrstSquaD
7488070,Portal Stories: Mel
34866295,RebeccaHvH
25482213,FAYT KILAB
39760201,Total War: WARHAMMER III
9327009,AnhDat.VN
9043332,Key dos Brode
26564083,Hired Ops
31797770,Azur Lane Fan's United
39016311,Sun Haven
5378123,BerZEKErs of ZEKEonia
10511569,[CSGO Trade Up]
24439824,[Chaos] Network
28974414,WildCase
21920689,6ixStars
1266088,The Weekdayz Community
5796060,/v/scape
25431142,Colo Special Friends
11736438,SUPERLALKI
32912287,GeRy's Trading Group
35158697,CA CS:GO Buy&amp;Sell
26670511,•Knights•
40075478,Hội Pháp Sư
10802312,Blade RAFFLES
16612509,CS:GO Trollol
1603,ModDB
8481699,Tấu Hài Gaming
5419738,CS:GO Fast Trading
27442513,⋆Brazzers⋆
8648087,DreamTeamDK-SWE
32003405,[SR] Synergy Roleplay
4240712,AfterLife*
24686453,DiePowerRanger
9673931,NEKOS!
3506161,LegendofVietNameseEsport
27305558,Texnoid.
25634965,◧    csgoEXP.com
7619095,Australium gamers
6567247,Friends 112
26397496,Trai Cai Tao
7098005,"LootXP: Free Codes, Beta keys, Giveaways"
4839234,MASTERNODICK
4412762,AmateurWeissGaming
40676846,Hội những người thích chim
28733804,♔TheQueen♔
28377569,Ultimate Epic Battle Simulator
4963087,Team Tay To
4725403,Skilled News
36024786,ArcheAge: Unchained
40470033,AE HomeRua
12199757,SteaмLevels.com
41851816,kXIX
4275723,CS:GO Vietnam
4786260,NexusNation
32255681,тωιcεтαsтιc
26799066,The Darakna Team
9614133,Black BuIlet
35678883,Lớp chọn
44455962,Fanclub Daniel Dung ✔
26214428,電玩狂熱愛好者
5279046,Counter-Strike: Sourcë
24781197,~ ♥♥♥♥♥♥♥♥.com ~
29361627,💎♥♥♥♥♥♥♥♥♥♥ CS:GO 💎 EzSkins1189
8507735,IF YOU CHEAT IN GAMES AND ARE AUTISTIC JOIN THIS GROUP
5662734,I HATE EVERYONE EQUALLY ♥
28678549,Phat Phrog Studios
36270106,MBAPPEEK
4595509,Quei Due Sul Server
5896371,ProVN
4442832,PinCho.pro
11784977,Private Competitive
32713453,Club Dance Party VR
26199281,Pessoas que odeiam o Corvo
8560796,ZhigaBugule
11376546,Impulsivez
10502435,H1Z1 League
29347814,#Headshot Machine👑
3536615,Shockwar
37609600,Học Viện Trái Cây(Fruit Academy)
25552554,csgo999.com  ◈
33973093,wheelchair peeker
41762494,Kaliningrad.ru
31566248,Rocket League Trader$
13058,zzz
3479385,Alianca Portuguesa
35214975,Evil Genius 2
35459501,[ HọaSĩ ✎]
2734616,T.P.A
10426727,AeLongBien
6913046,Greater Kurdistan
1029473,the me&quot;i&quot;you&quot;him&quot;her&quot; etc XD
25093159,Fabulous As It Looks
3438395,Tears in Heaven 1
36188276,Blood of Steel
26784432,GiaiPhongMienNam
11438326,Blizzard Alliance
27862631,Nebuchadnezzar II
11261551,iNoToRi0uS Nation
21823296,CS:GO Tấu Hài
26509763,500+ Games CoIIector
33495547,aimdemon
28966995,CSGOTRADEBIT.COM  * $50 Gift  No
3949768,LIMBO
9341926,PhoenixCyberCup2015
25206620,❂  CSGO999.COM  ❂
33074254,`►wallhack
11220591,Vietnamese Derank Service
32010529,NoWay Gamer's
35720092,Mega Man Zero/ZX Legacy Collection
4434339,Games ©
26847702,Dưới LE toàn rác rưởi
7246167,Total War: ATTILA
34034191,Barbershop ✂✄
35986388,DORAEMON  STORY OF SEASONS
41439976,三国演义 333
31380683,EireG4ming
7737949,Besiege
29591586,Giveaway skins CS:GO 10July 9321
3978319,CS:GO ￤JAPAN￤
6082832,Friends online and Offline
26188781,NAVI KHAT MAU
28030253,5 anh em sieu nhan
26509678,1+ Games CoIIector
7202751,Garena ♥♥♥♥ Yeah!
3962805,Expendables2Tunngle
33860010,Marines Esport
6780872,FUN REMAKE
36211808,turbodebil
28309412,Csgoupgrader.gg
7507758,Ken Oishi
24742258,BATTLEGO2X
6433921,FukYeAH
30414027,TeamWellSpring
26645325,DeadByDaylight VNCommunity
32469912,#StopTradeBan
6383368,dògshit
5666286,duyquang™ | GameStore
33979958,going sicko mode
33790408,Community Free games
10164031,Itai Onii-chan
33633847,LambFamilia
33695701,Valheim
2836858,Dungeon Defenders
33318685,Game Migrated to Another Steam Page
34278181,Alaattin Çağıl
4463147,Tactical Intervention
5560376,Die hobbylosen PCW-Nachtspieler
24492598,VIET NAM SIMULATOR TEAM
29518592,FREE 10-50$ FOR OPEN CASE \[GYI]
5272673,|Victrix Mortalis|
27962163,♫     CSGOFisher.com         ♫
47145,Beijing
11877628,Brotherhood_Screenshots/Artwork
1248461,[LSD]
29218357,KARAMBYTS
10328380,✰ Dragon Ball ✰
37466861,♥♥♥♥♥♥♥♥♥com
5444250,NiP ©
32857988,Dav's Hangout
34592997,sDev
29790765,CSGO FREE PROMOCODE 200$!aov8y
31225769,Your Bunny Wrote
26594701,CLOWN SOLO TEAM
12662778,CS:GO Key - BTC - Traderbot
30189719,JC eSport
9666527,Fishing Planet
8966087,BanterBox
40996160,nách chua
25418376,CSGO | Live
38877077,᠌ ᠌ ᠌᠌ ᠌ ᠌᠌ ᠌ ᠌᠌ ᠌ ᠌
6229532,[VOZ] Garry's Mod
10593020,you're are a big fat ♥♥♥♥♥♥♥ ♥♥♥♥♥♥
42550713,Anh em tao Duy Trung Pêk
25831397,The Virgins ♡
27247178,Rate4Rate
38298849,hau u lai backward
1496573,Portugal FuN MapS
28929035,GET 16-0'd !!!
10440896,Csgo Raffles/Giveaways
10132589,Yeyo's Cashrep
8958363,Audition Online
8289923,✫Galaxy ✫
1663552,Na´Vi
380825,VOZforums Clan
10322574,SPEEDCLICK Official
23428511,csgorektnet
27910432,Cộng Sản TryHard
34823554,Young &amp; Wild ACADEMY
7264388,NEKOPARA-ネコぱら
4419325,Euro Truck Simulator 2
11464696,RustVN
10219497,[CSGO Trades]
2131237,GameVn
1157699,Extreme-Aim
848209,Turkish Aim Talent
30897473,Hunt: Showdown 1896
1657604,Vinesauce Vidya
4459757,FINAL FANTASY VIII
7081077,AimzAtchu's Dolphin Family
5074334,NiP-GeT_RiGhT- Fans
3809695,CS-1.6 Без  читеров
5667437,Kiwo's Stream friends
33405262,_+Akatsuki+_
1298641,Indonesian Gamers [ID]
30779024,Getting Over It with Bennett Foddy
34059176,A Plague Tale: Innocence
7934410,Marvisiaczki &lt;3
30560232,Raft
27647556,Mr.Sandwich Tv
24981309,Friday the 13th: The Game
25745222,CollectSkins
528551,PCGames-fans
7610372,super-stoners
25540678,EUUH σк
25405572,385 Ideal™
28151687,LVLUP.ORG
5377357,Gucci™
28330103,Ivonicca ♥
42395878,SeedersVN
5852446,SkillFakers
26676017,xàm.gaming
4824431,Emoticon Art
27009877,#CSGO2ASIA
9787962,- The Community -
29160589,360Family360
7026289,Ever Lasting Friends
3102150,JTEROULEDESSUS^
10109772,►bunnyhop
5119920,HeLL SP!r!TZ
9790917,VSKI FÃS
40066071,Fancy United Esports
11799393,MiifelX
9184065,ƛƬ ђıяƨızʟαяı
5497814,Toate numele de grupuri îs luate. Eu îl iau pe ăsta.
24820050,CSLottos
41021115,Great Elites Collectors
30762043,Relic Hunters Legend
6187662,[VOZ] Don't Starve
25059771,Blue Gem Collectors
26259817,FadedStars140
10638906,Team Embargoo
25847292,Five Nights at Freddy's: Sister Location
30503110,Warhammer: Vermintide 2
11733881,Раздача вещей CS:GO!
31553005,D2  ESPORTS
7093822,Miscreated
35647633,LiquidNhaTrang
5151157,Steam Universe
28677745,FREE СS:GО MONEY 50$ [ABA]
1733347,Lak.Vn
26000820,EVERSPACE™
1371712,D.o.P Hometown
9239126,King's Quest
27463852,CSGO Horse Racing
26708572,csgoinv.com                ℘
12632625,Dank Senpai's Kawaii Bitches
11305650,Rise of the Tomb Raider
4961371,PAYDAY 2 REVOLT
4200789,Group Seller Rus + Раздачи
28499149,SasukeTheLegend
25771395,Lewd 4 Dead
9167763,TF2 Unusual Coffin Kit Owners
37906547,Zombo Buster Advance
27580671,CSGOTRADENOW.COM $50 Bonus
5057612,kz-endo
29919709,GIVEAWAY MONEY DOTA2 100$ 0rnta
27958684,ಭ       csgofisher.com
28681412,Old But Gold ツ
29797837,GG LVL Up Service
11721163,Exhaustic-Gamers
6583051,Lỗi Phân tích XML
28814744,[T3] CSMONEY24.PRO ^ $1-50 Pr
40467553,V Rising
25897518,Throw Gaming VN
28115788,1hp-Rebellion
40661601,"Warhammer 40,000: Chaos Gate - Daemonhunters"
27828747,CSGOsucks.com
10088895,►wallhack
4173032,Counter-Strike 2 Türkiye
11377354,0bsessi0n
5039367,CS GO Trading
27967685,Middle-earth™: Shadow of War™
10164789,SINGULARITY Gaming Clan
7300762,The 20cm freaks
31871016,Y9 Esports
30624823,AGES NEVER FORGET
10733713,HELLDIVERS™
32577512,sidestep's fam
4272015,GamerGeeksNL
26996247,MEGACOSMOS
26890796,☽ Galaxy
25888377,GankTem20gg
10085053,derank.me
40156671,Kapellytical
4468079,SpeedRunners
10546672,NEURÔNIO!
27974505,Deagle For LIEF
5306740,rAx-Stream
4222154,Call of Duty: Black Ops II - Zombies
26637563,AFG_Gaming
35719545,Football Manager 2020
11592390,176 SEAL TEAM 6
44388571,MachliPeek
12135741,MyLittleGiftGroup2016
12662070,- Overwatch -
25528605,VIE-Bookoo
45010824,Solo Leveling: ARISE OVERDRIVE
27231505,Tanca
37324778,THE STORM CAFFE
6580320,GeniusGaming.VN
36308945,OG Fans
30381800,"Faceless, merciless"
5317530,TEAM b2W
10840262,Enchanted420Gaming
11467640,Avalon e-Sports
8947598,LZMBros
15448326,Hyperdimension Neptunia U: Action Unleashed
5688547,Baker's Games Giveaways
5483589,CS:GO Обмен| розыгрыши| TRADE
34093872,Anh Em Khá Bảnk
6120253,The Land of Eyas
7304663,Tặng game của PriceSonic's Store
26691301,ᗰ    csgoinv.com         ᗰ
6810992,HOUNGOUNGAGNE
5873191,Experiod
4120235,-=Москва[SOYUZ]=- 18+ ®
2801384,HDviation - For flight enthusiasts
28928054,Viscoplast.pl
4108207,Cortex Command
38634535,[AimCity]
26254674,Jata Servers PVE
40065942,Tập Đoàn Ông 7
27148223,WTF.ICEBLAST
3952956,The Lord of the Rings Online™
5385080,#PsycholoGy.
25597571,ESEA
34022964,󠁿onetap
5050215,Game Dev Tycoon
30994606,Cosmic Networks
9999261,wtcN ve Ahrazları
1690756,Alien Swarm [VN-team]
29416633,BattleBit Remastered
44770983,Path of Exile 2
7097832,Austin's Goon Squad
35460949,No Spam G U C C I tag
37439,Prima.gg
7411676,Smile  Or  Die
5033574,Electronik Generation eSports
43042169,20k/game
25164615,DionneStreams
32989758,CD PROJEKT RED
7663909,GTA V anh em Việt Nam
8937900,GIVEAWAY SKINS AND A LOT MORE
27107403,Share The Gift Of Art
27275047,Kha Labs
5962557,BIGTROUBLE
36011144,g؜ame؜sen؜se
2269452,| sTyLoNation |
3649837,AWPLEGENDE!
25841111,CSGO Handouts
32828103,5.Hunters.
11759517,Soap_Team10B
45481982,R.E.P.O.
7637629,TeamOsuOnlinepro
7096818,TOME: Immortal Arena
4650907,=DN= Gaming
5972437,=DSH= theDarkSoulsofHolland opengroup
27037442,CSGOlite Official
28216470,Daisys Whiteknight Collection
35066530,Team Liquid Vietnam
27626696,AfricanTanks
45101892,Greek CS2 Community
17864319,✬ CSGOJACKPOT.bid
27839777,Ultra Profiles
30554519,Loot Skins
27755535,€            DOTA222.com      €
35895635,va frec femeile
25056622,Case hardened Price Checks
9595416,Dan Choi
6607207,TheSkitzMACHINE Army
26423668,CS:GO Nice Items
7231398,Paid 2 Play Bros
21329640,Softwaredauertester♕
9503806,CSGOPOOR.com
26806044,✪      csgo111.com✪
34211416,RETARDPEEK
44828523,H2GamingVN
26728845,Ali - G♛
35151140,Hästdjurmaskin
5653854,Drag0nsquaD
7318071,B.V.S
8659168,♥♥♥♥♥♥♥♥♥♥
2653,UKCS - Mega Game Servers!
5662728,NUR TEAM
10228662,Skinionaire
36871257,ValhallaHub
9079435,KappaEmote
42133640,YellowFlashϟ
7356121,DevilStorm
3332208,Addicts.tm
5269799,Skadoodle's Club
31618966,.fulltilt
3755183,iLoveCookiiezz
36639876,ONE PIECE: PIRATE WARRIORS 4
4660352,Takedown: Red Sabre
28246734,Animated Star 3
11602487,Astralis•
38600924,Lust from Beyond: Scarlet
34457259,(Thua)
22546940,ϟ           CSGOFPS.COM GIVEAWAY
11229770,King of pride
15182479,Microsoft_2013
42522856,Marvel’s Spider-Man Remastered
27858079,Ramses Junioru' 89' Lama fina
10661987,Michael &quot;Štádli&quot; Štadler
10839271,IGL 🦁
4949789,Assetto Corsa
2738698,GreatFrag
11852258,RS Raffle Club
9369370,Steffi`s Kuchenladen
7673373,♡ღ The cutie Things in Life ♡ღ
28000787,aimhaus
39373487,J4F.Vncsgo
27640256,CSGO.TEAM - GAME
2662237,u Wallin?
28222400,🔑 Automatic Level Service 🔑
31467608,русягейййй
5498447,Rust-Vietnam
813,Fnatic
8595376,DiRT Rally
6146618,Red-Hands
8258878,Communism1hp
30099078,BONUS 1-40$ FOR CASE \[zpj]
11273107,Nasial Sozialisten
28189965,Don't Careee
4585278,VNtankER
1773790,[Even More ♥♥♥♥♥]
28869226,Bananatic.com
25798075,EmoragePro
2224106,SG Community &amp; Discussion Forum
25708968,CS  GO Trading Club
36493313,tiltullah
27808091,CS:GO Super Best Trade Place
7695979,lovelive!!
1661751,Killing Floor [A&amp;a] 클랜 KOREA
12660251,[VN][CSGO] KJ's Custom Server Pl
33436033,"one night, hot springs"
32341898,Shadow of the Tomb Raider
25007911,Team Malakas™
10641907,Lỗi Phân tích XML
4167646,sitka's blog
42849803,THE FINALS
3312263,Degree-Gaming.com
5546516,R!ÓT
3947853,GatiNae(i'A'o*
9793081,1337rektU
28204540,Worlds Most Experienced Traders
4911297,Beautiful Screenshot Lovers
26524182,FTD Master Builders
38812558,yannhieu
12172038,World of Fishing
25160263,RimWorld
10396627,LootMarket.com
26129267,Foxes are Cheating :3
5642436,♥♥♥♥ THE SYSTЕM
6908090,Rockwinkel
4996017,Hurricane |
27146031,@MOFOS.COM
29275488,♥♥♥♥♥♥♥ codes
11967506,InChloeWeTrust
30138716,"Поднятия скинов, Раздачи"
25322899,'not Jan-Ph☢☣™ Group
17012261,PERMANENT:#
5641618,TeaWithMilkAndSugar
8671812,Riff Racer
31048127,VN_bros
28040265,Season Soldier
32891319,Five GoDz
6092530,CS:GO Case Simulator
40370338,YoungN's Drug Palace
45327903,反骗联盟
3671995,United-Union
44020457,Bodycam
6428184,.Rocket.GO
28043904,Royal Rust Gaming
1459406,에이씨군단
26911071,Power Rangers-SPD
7814537,Repulﮐe
11813399,HorizonGaming.co.uk
10466160,CS:GO - Trade Items
27463925,DUCDUY
35897793,傻逼TV
6505425,Pls No Bully ;w;
9048631,ESL-SEA-QUALIFIERS
5099041,Muselks Association Of Reputable Gentlemen!
6211930,Dota2Shop.vn
27639425,Kate Upton's Boobs
27062031,Hollow Knight
35552107,WarBandits.gg
11875663,TheWesternWolfs
11118547,OtakuMaker.com GIVEAWAYS
10676218,CSGOStakes
42348147,Sons Of The Forest
28288203,Nudzh Level Up Service
3954209,Need for Speed: SHIFT
28686899,Derank Pro
24672071,CSGOSTRONGCOM
5160183,Have More Friends
40957655,Ecila
6361905,Icy Games Store
10907561,PUNKS COMMUNITY
8434363,lionzeye's betting group
12051628,Twitch.tv/OfficialDaiS
31741849,Darwin Project
25743413,AbbeLabben's Group
1398930,OGS Weekend Cups
33598199,Deadside
25213426,TRAGB
11679423,Blue Gem Trade
5417879,Bad Ratz 4 Lyfe
9365268,Cloud9  G2A
45318752,STORROR Parkour Pro
3359339,BioShock Infinite
7651392,CS:GO Trusted Traders
25342745,Fan VN
28485905,BEJA CITY
3396764,ObServer
7273509,PayGames
7555,Headstyle
38098458,Apex Legends
8094591,3NJOY
6143463,Simonodertwitch
6988132,Dead And Loving It
29326934,Egotistical ♥♥♥♥♥
34353409,ITZY(있지)
5084321,tweeday wants to trade with you
7307,Vietnam
10373678,Natiuse's Crew
32109889,League of Survivors
41789096,BigCityGirl
10694583,cAre official
33545,I get cold hands when I play counter-strike
6027503,dragonBro
4460946,Project Zomboid
5485742,Freakshow™
4458435,Dead Island: Epidemic
26646801,HàTeam
37023964,Tây Du Squad
36548931,1820HT♥
36260268,Red Dead Redemption 2
25205588,CSGO999.COM ❉
529862,Sweden Community
29363539,Giveaway skins CS:GO 28June 5162
3758588,OdessaVS
33371755,Monster Farm
32929342,Retro Snake
25547202,RipAimTeam
1214149,erotic
27450592,CSGOnecro
42520114,Dark and Darker
8831548,Barrel Of BaNaNaS
29178014,[Snooked Bot] Level Up Service!
34860588,Remnant: From the Ashes
42579309,Never use scope
40579353,Victoria 3
425319,=Chinese Players Union=
7390221,OPSkins.com - Marketplace
23403141,RebelsUnion
31972644,halfpipe
3955084,
31778577,CS.TEAM:
43733747,30Frogs eSport
44388588,Kannada Riders
25338685,INSIDE
26427894,50 Badges Collector
9421082,Ablert and Company
11442318,αιмвoт
25943583,Derankers ||
8505334,Out of Reach
6148985,Trade Matcher
44213141,Le Mans Ultimate
2168806,KE Gaming
25522100,ღ Lovely Profile Editors ღ
6987388,gamebanquyen.vn
6319675,CS:GO Trading Outpost
5108871,★Covert Knife Club
9225492,Amazing Nazi Unicorns Squad
39951768,FC Ryn Đùi Gà 🖤🍗
43655203,Dev-Gang
10868838,Vertigo Server Epic Mods
28649006,✟♻Короли убийств♻✟
8836009,BimbóHintó
10767580,RudeBoy-
4394165,Game Bandit
26528152,iGOBet.net
32042775,Eastshade
10617084,♥♥♥♥♥♥♥♥
23145293,Reduktion Community
27133015,FACEIT HELPER
8061993,❤ღDiana´s Friendsღ❤
27354484,Jyskin Gaming Chair
26978691,Bánh Mì Team
5525401,Regrets-™
5824579,Owlets
6452899,_(┐「ε:)_ｽﾞｻｰ
5884978,Brazzers:
7308193,NEKOPARA Vol. 1
6027339,Henry Hank ARG
4122323,Hell Yeah!
32156761,Раздача вещей #SHUTni4ed
32937622,Generation Zero®
10011448,Idle-Empire
3509543,Dekaism.SG
1889001,Major ★ ▌▌
9795095,Flavors of Dildo
8307134,Love Cat's Clan Of Lovely Kittens
8509401,Phương Linh Gaming
26002040,NutZ.eSports
3624242,4U Clan Vn
4864619,Hivatalos ViccElek Csoport
3817500,Dota2Traders
28019066,69zgaming
4481542,Dota 2 Interface
4101454,Castle Crashers
30605631,Mikimiki lvlup service
41910863,2k6 THIEN THAN
20812,PGL
7551659,Dirty Bomb
28611454,Best Russian Collectors
3237307,Vietnamese KZ Community
39705925,Những  Chàng Trai Đeo Kính
24018453,CSGOFairPlay
7400797,★KIℕG★
37099466,SIÊU NHÂN GAO
11062597,Simba59
12737368,♥♥♥♥♥♥♥
25956838,XYUCAC!
28514023,FREE DOTA 2 MONEY 50$ [DM4]
36750080,Ready or Not
7971606,AWP Asiimov FT STORE
33338914,N🚫 CONDOM GANG
37002678,Phasmophobia
27956993,MadF12's Level Up Service
4128473,WE LOVE LADIES
32465055,ecocobraz
28772885,[dad] clan.
33431134,⊶ Ğịᶏ ℌἂᶇ ⊷
8842683,The Zeo Rangers
27096030,Anh Em Beemo
5669873,Killer in Nightmare
4460230,Call of Duty: Advanced Warfare
33932400,Bo Toc THuONg dAnG
27426608,Chitoge Kirisaki (桐崎 千棘)
38127348,❤Ăn Trộm Ăn Cắp❤
12141971,TheOwls.Vn
22129313,AntyKawa
44731615,Supermarket Simulator
7238336,MrMaxim
5278431,Club ❤ Anime
940678,Asian Cyber League
27364178,Ultimate Pepe
4108105,Coupon Trading Group.
25605056,BottleHard
4269609,Far Cry® 3
12601324,CSGOBattle.com
1605388,ROBLOX™
6392282,Unturnament Bandits
41041469,Frostpunk 2
25228075,csstats.gg
22720318,-SS.
42822886,Bún Hải Sản - Hàu Tươi
9281818,Castoreh
883,Left 4 Dead
38187098,StressFire
25940239,Quantum Break
29320918,💎♥♥♥♥♥♥♥♥♥♥ CS:GO💎JJG3
27006823,VN-CS:GO Nova
35304074,Comunidade CHN
1718567,看屁
31408127,Vô Lý Gaming
3483,KiFFERSTUEBCHEN
3952947,Resident Evil 5
28826170,GiveAway.su
790951,[] HALO []
1184839,Call of Duty: Modern Warfare 2 (2009)
835654,Cyzone Center
39273094,Myth of Empires
429393,NowyTarg
25032416,Mirage: Arcane Warfare
33807821,Katowice 2014 Gods
4516669,Harlem-Shake Fans
25650536,◮ csgoFPS.com    ◮
26042277,Weapons With Stickers [CSGO]
11170746,Stardew Valley
10490350,Bast Cave
26844851,GoingRogueGG
11040628,Lustenberger - Truppe
4666072,team xqR ExsequoR
8574778,♥♥♥♥♥♥♥♥♥♥
3121436,EmpireTV
5504209,GJ :3
32402866,Defiance 2050
1223936,1-Ichi
10619935,S K Y GAMING
38011255,White Tigers
25441181,ᴀɴιᴍᴇ
2337457,AUTHENTIC.MULTIGAMING
8409101,The Ghetto Krew
26805969,✪ csgo111.com  ✪
3050679,Струящаяся кровь
36990949,IELTS 10.0
30892519,FullTiltedd
5793573,SonyaTheEvil Minions
6938281,Black Rock Shooter ☆ VN
5034178,Pintipanda TV
35880429,Rebellion 2016
29374041,My Time at Portia
26427890,10 Badges Collector
4431958,TechnicPack
29679749,♥♥♥♥♥♥ iz real
8412725,| Cloud9 |
12127953,Juan Deagle Player
33788266,Zoom Flash
407489,fnatic !
7697495,Titanium Clan CS:GO
4139803,Ha Noi CS
9895969,The Suite Life of Karan &amp; Kabir
30775249,Beyond the Wall
5981178,Titan.Vn
26509713,25+ Games CoIIector
5235375,The PC Community
7042121,Uppermost's cuties
30309220,_onlinegods
10068096,SkinsProject.pl - Zagraj i wygraj nowe skiny
28057856,TRADE-INVENTORY.COM | TRADING BO
10773347,GoD Team VN
27265398,Badges Collectors • PT
7947641,illusion-5
942218,Legit-Proof
1166475,Porinki server
36679476,CSGO Minecraft Youtuber
33781592,Nyvek's Stream
3860585,BurnCS Servers
45728497,Anh Em Tao CHẤT
189,Natural Selection
10745373,TRSoldierS
26670806,BienHoa Choke
26332583,dalatFC
6446499,Shop 261
33747500,Fuusio
9871565,Jorgo Community
44792414,Crush at first sight🍓
35590176,Hunter's Arena: Legends
28613505,๖ۣۜChicken Killer
25902121,RebelCops |
2610045,1v9?
4782011,ChessTheGathering
7288727,l0000gold Fan
4903786,Dota_2_Trade
28342243,NoNameNoAge
28304860,"Love, Money, Rock'n'Roll"
35545078,ROMANCE OF THE THREE KINGDOMS XIV
6885908,Grandfa's Raffle
28223717,CSGOTRADEFLY.COM*50$ Now!!
766022,CGEA.CN
8877719,"HI, I'M PROP"
9973096,Zap Ass Pussy
9079409,KOMTAN'ın Askerleri
11610996,Wizard 101 Elite MLG Small Weeni
590561,E-Sports Entertainment Association (ESEA)
41489053,Alpha؜ Niner
8753784,Frosty's Game Servers
30541822,Life is Strange:Before the Storm
25546454,1+ Years of Service
26228269,SkinCrash.com
30727610,CutTillBloodComeOut
2543564,[X.D] Team
36904439,Nghệ Sĩ Hài Nhân Dân
43658382,Desktop Garage Kit
308083,UK Players
29559764,Paradise Esport.HD
117723,:3
28569658,CSGOKingdom
28660606,PUBG Mercenary Gaming
6752188,Enigma in the Jungle
81296,Lowyat.NET
4311172,Cáp Quang VIP 24/7
25129824,W.O.R.S.T.P.L.A.Y.E.R.S
4248928,Assassin's Creed® III
10626256,Vietcong.EU
5689647,Pyroelementalist Gaming
6377413,Level 69 Collector
43446966,ChrisazzPeek
37257530,媽的貢丸
4394760,Бесплатная раздача стим с играми !
32226019,TheRealBoomers
150237,RealQuality
10428011,HuniePopTv
3789806,SlayerS GaminG
34018368,KHUYET TAT THICH DUA XE
458206,live4cup
10171776,AngloAsia ARK Server
33985583,Marina LevelUp Services
5066897,D2Tradings
26625503,CSGOTRADE.me
8269762,Execute now
27041990,Giôn Xina
27357338,CSGOWINPOT.com - #TOPROULETTE24
12048324,Shiva &amp; Friends ♥
10322373,♥♥♥♥♥♥♥♥♥♥.com
8571448,Lighting Stirke Team
8123371,VxxU
26298642,Team Inheritance
8873940,Lot's O Gaming
27380392,안양불꽃샷발
28097966,zhell.nu
26703028,msster &amp; friends :]
27264926,Đéo Thích Học
4152624,Counter-Strike Global Offensive RUSSIA
4074186,GO Cluj
8797323,Hot Random Keys
3100,Ukraine
1971871,なんとなくふわーっと
25099087,Bees is #1
27324298,say no to Ha Dong
11790789,Lost Castle
5377373,zeoNNN Canlı Yayın
8292913,War-Lords.net | SEA
28099990,Leviathan Syndicate
33075715,Made in Long Bien
47142,Peking
8050687,[ NeXuS]
37039634,AI＊Shoujo/AI＊少女
27101057,Cửa Hàng Điện Máy Xanh
27752390,Evilrage.vn
12864579,NEWMEX
34523478,Hollow Knight: Silksong
27005074,ExhibitionRP
12078319,&quot;TRADE-AUX&quot;
34898940,UT5
8320210,♥InItIaL
28391171,- Not Afraid -
4963418,HyV
7244884,JAV™ AKB48
41270106,Sakura Hime
33033194,Nha` Hat' Kich.
42950193,Persona 5 Royal
25708921,CS GO Trading Fast
30894226,Austin Strike
26381818,Uncle Ho^'s Class
27538132,Ｂｌａｃｋ ａｎｄ ｗｈｉｔｅ
33190125,The Hong Kong Massacre
28770675,Black Squad
3434511,✖ Как убить зомби?
9188645,unityhacks
27962878,⇖              CSGOFisher.com
30812461,OnlineGODs♔
26127946,BNK48
9368834,SunRise Tournaments
37830978,Mafia: Definitive Edition
28661911,Bohemee
8328525,Tom Clancy's Rainbow Six® Siege X
36025544,partyteam4
9848613,TradeBOYS.FR
85984,DSV-Phim4Viet
28008,BIG
11013312,Invasion: Brain Craving
34653854,Macquarie University CS:GO
11527247,HUE_CS:GO
36077268,Tiểu đội Nova
3972300,Aussie Heroes
11954611,Classroom10A
28471253,GamingGuide
29047703,Order No. 227: Not one step back!
41488424,am i cursed?
34191408,OrPhan level up service
1034277,Swedish House Mafia
26218985,Hopped
39261336,Inteligentii
4466206,Saibot Studios
9024816,Trondheims Lekegrind
25124351,Worst Player's
7181261,Tales from the Borderlands
8389622,★Deroy-Community★™
8524896,Nice -
34052830,♥♥♥♥♥♥♥♥♥♥
5775872,DayZ Underground
5459777,Crystal Meth Chef
25350112,☀   csgoEXP.com
5407252,I WEEDHUSH&lt;3
34613706,Crime Scene Cleaner
7953632,FrenchCancer
42411669,gloveworks 1k club
7525539,LaLeagane CS:GO
8954177,ÇılgınÇocuklar
26320963,Wende &amp; Friends
28004100,Giveawayhopper
29289164,💎♥♥♥♥♥♥♥♥♥♥ CS:GO💎casedrop60
26174022,Dr. Sofiane
7243799,JAV™ | KM
33928766,Beholder - Official Short Film
4325826,Team-LDLC
25510894,Artwork Inc.
4681115,Get Aim
4316956,Remember Me
11130336,Batman's League
7250475,Item HOT
38025003,Resident Evil Village
7308299,Global Elite CS:GO
7923190,csgo_betting_advice
5157139,FB-CSGO-VN
11858773,TripleSkins.com
24667460,nickks army
28113416,CSGOWON.GG
25709001,CS GO Super Trading
26301105,ToyOdyssey
29624581,The Escapists 2
3823890,JesusChrist
28421500,PUBG Traders
5975836,Anime 101
44151520,Lewd Puzzle [18+]
7623057,Fallen Oblivion channel baby
6162485,compactgamers
32569705,大聖杯
27101812,De_nude
30831394,Plei time
8350698,Silent-Gamerz
9011809,CS GO KNIFE
27689386,➠AIMLOCK
34457266,Toang
40058027,iBUYLOLI Team
28144698,Eplixe
6609187,NIP✖
10732897,Team BoboMid
26759183,Way2Heaven
10588559,♥♥♥♥♥♥♥♥♥♥♥♥♥♥♥♥♥♥
26808789,☣    csgo111.com    ☣
4459055,GRID 2
36626534,Hentai Item Collector
4779230,CS:GO Overwatchers
23974506,FreezeNova Games
36795411,huyen thoai huyak
33427372,Eskaylation
9351197,KathiLover
27950481,BigDickGuyz
30567056,Yêu Vợ Bạn Gaming
37853833,Let Them Trade
44774655,Renaissance Kingdom Wars
26910630,CSGOKempor
5653942,Nip official
36947121,BEEONEGOD-
35533871,SENRAN KAGURA Peach Ball
25864679,BLACKPINK
28154459,GG' Gaming
5759115,Nuoc Mam Boys
5410153,MiyukiGaming.
559386,Root-Space.eu - We Play Here
9010266,DANKPUSSY
25527777,♥♥♥♥♥♥.gg
32768229,Com o Pau
7624919,Sakura Angels
27619628,CSGOTRADENOW.COM*Free 50$ Now!
8234083,-=Iraq Sham İslam State=-
27808085,CS:GO Best Trade Place
8940172,​Faze​​​
25345164,Cases2x.com
35102747,vnbc
7163025,Scandinavian Pride
30974792,배틀그라운드 스킨기부!
3952718,Assassin's Creed II
9741782,Team Rekt Sports
11662766,CSGoSkins.7x.lt
1741581,Anti WoT
7471088,The Knights who say TEA
4067475,Borderlands 2
7988865,EnVy Official
13234196,Barters Trading Group
11874335,FREE GAMEKEYS
36351027,Survival Camp
28254312,CarinazinhaFanTwitch
4316385,Dota-2.VN Trade and Chat
26883557,CStrade.gg
30953583,whit the riactons
30611847,Qualiciarze Złotów
5968431,iBUYPOWER.
6255002,[VOZ] Payday 2
41564471,Operation Lovecraft: Fallen Doll
12057599,Dota2Card
3945189,Day of Defeat: Source
25880686,Foxhole
1744880,Taiwan PickUpGame
26150540,College Art
10366351,can i go to bed now?
29158706,23creativeFC
10848,HUGE ♥♥♥♥♥♥♥ GROUP LOL
29480609,Junkyard Simulator
30123034,FREE 10-50$ FOR OPEN CASE \[CKBT
35525790,Mon bu cac
8136724,Обзоры Форча
32055887,Beat Saber
5382120,From HeII
28369051,shopdota2.com
28280756,ｍｏｌｉｋｏ
9819503,EnVyUs ||
29181095,ｗａｋｅｕｐ
42965150,| 𝔻 𝕆 𝔾 𝕊 |
114734,tired of being heart broken
9234396,bitwOwJESUS
7044107,Battlegrounds of Eldhelm
5870944,-= CS:GO Traders =-
10339810,KrieppeN
42551701,Sword &amp; Shield Simulator
5934192,Bae Suzy
5973059,NaughtyCrew
32160160,Chúng tôi tin hera còn trinh
8243506,Clicky Crisp
44781312,Windblown
11434967,GangVN
29306038,♥♥♥♥♥♥♥♥
18476585,דמוח
25724951,GOTradeServer
11012171,[DE/EN] European Survivors
25271385,❈ csgoEXP.com    ❈
30400400,Banana VN
5102837,Игрооргии [18+]
8424056,Deus Ex: Mankind Divided™
28197691,Sinan Akkol 'Nam-ı Diğer Blaxis'
25677443,www.twitch.tv/zzoverdozezz
11163474,Real Anime
25489525,CS:GO Heaven
26458834,GiGantESC
29797325,FREE CODE [50$]1861
35219607,eFootball PES 2020
28298001,CSGOTRADEFLY.COM  * 50$  Code!!
37737433,AsianMoneyGang
5516975,CLGT???
26064108,★Big Star
3951990,Torchlight 2 Viet Nam
37538275,Orc Massage
28592649,Isekai Team!!
3815,denmark
28810382,FREE DOTA 2 MONEY 50$ [ILSAC12]
31379539,RainRP
3440900,Counter Strike Global Offensive Indonesia Community
34958388,Warhammer Underworlds - Shadespire Edition
11235884,Best Pro Ever
11043,Team Canada
55379,Rastafari!
39339667,CounterSpinBot
11031483,♥Bubbles♥ and friends
3153890,DOTA 2 Romania
7846574,500+ Games Collector
28851645,AnhKhai's Money Crew
10055925,fsociety.'◈
27505210,Hai Group VN
44111690,Thích ở Nhà
9679113,Leafy Has A Huge ♥♥♥♥
31474356,U.S.S Reaper
4515946,Stronghold Crusader 2
4459272,Star Conflict
25247234,NTAsent
5088611,Hellraid
6466072,Anh Tài Hội Tụ
5747450,ЖЕНСКИЙ ЭПИЦЕНТР ©
35777797,Elmarion: Dragon time
28564716,2tap.gg
36329165,VinID
5475265,Ha Noi University of Science and Technology
1075,Earth's Special Forces
6856911,Sup's CS:GO Trading lounge
42474644,Mind Over Magic
6567387,Sora's Sex Slaves
35565130,BoizVjpPr0TK123
26722090,#olteanclan#
30519672,VEGAS Pro 15 Edit Steam Edition
30521827,Bannermen
26427897,100 Badges Collector
9945137,Miłoszek with friends
5350717,CS:GO Việt Nam
44983656,Kingdom Come: Deliverance II
10304072,Exile.lv Gaming Community
6366436,CIoud9
36827142,RemorseGaming
4458809,Arma 2: DayZ Mod
31040069,RustMoney
25594112,❧ csgo999.com
11088010,The Mean Greens - Plastic Warfare
33223346,Poor-N1994s
12079013,Rainbow.T
26965883,newbie2vn
10242809,Ori and the Blind Forest: Definitive Edition
10878452,WeMiGhtY
32088133,Riot Street
33559135,音灵 INVAXION
45140680,inZOI
38472639,BADBOIPEEK
7931102,VN CS:GO At North America
24709775,TradeBots CS:GO
4069540,gamedigita
11695046,csgohowl.us
26700035,♍           csgoinv.com        ♍
25802200,Battlerite
44201255,Sex Coach: Hot Yoga
32016238,Na´Vi GG BET
39348174,Arid
7503212,The Fabolous Dinosaurs
417620,ABadFeeling
4859731,miao‏u
39356408,Ckjc3nG4ng
6557616,FaceRig
33506114,Mortal Royale
36051388,♥♥♥♥♥♥♥♥♥♥ PRO
29599507,FTW eSports H1Z1
4836631,中国共产党.
25420599,KEKOAssassins
30449239,Ciurea Team
7332951,重慶CSGO聯盟
45218342,Doraemon Dorayaki Shop Story
44752586,Summoners War
1009056,Inglourious Bastards
6126040,F.A.P.D
43859039,FAP &amp; ♥♥♥: Simulator 🔞💦
11463788,CS:GO . Traders
33352955,MadeInThanhHoa
5952936,Đại Cồ Việt
33353021,Football Manager 2019
5998956,Papaplatte
888986,Killing Floor France
25870533,ᴀʀᴇ ʏᴏᴜ ᴀғʀᴀɪᴅ ᴏғ ᴛʜᴇ ᴅᴀʀᴋ﹖
4361024,†~We Love Ânîmê ~†
3329631,‎St‎еа‎m News
9406806,Black Shell Media Fans
4384684,Live Undead
11128813,ClumsyLelePredictions
28821805,red 기지
8417806,Psycholulz Betting
36948273,Gia Đình Trộm
30416684,Приглашай и забирай ключ
27729083,J-stars vict +ory VS
24431653,Ball.Crushers
29590107,onas' empire
26620178,Subsistence
27446892,bring back kurkkumopo
9598167,Team  Ascension
25811813,!KUMISPOWER
4836665,Castle.Crashers.VN
43725969,TURBONOOB
7872286,Original_Giveaway_Group
38516774,wqdqj[qwodjqwd
11173364,CSGOCash
17226201,Xemesis Gaming
7209079,The Fallen Sanctuary
11487058,Euro truck simulator 2 cool game
34645247,War Selection
38802645,NieR Replicant ver.1.22474487139...
2595124,World in conflict modern warfare
40351954,缝毛怪114514
3949470,Open Source Filmmaker
8392404,X社区
3952641,War Inc. Battlezone
28664205,csgoWobble
23960800,HoT_HeaD_Gaming
28578038,Stoneshard
27507830,Sentinels of the Store
25150682,REXCurse
5557052,SingularV
32158826,Vuong
9379014,CookieWar
8879379,Fresh-♥♥♥♥♥♥
27912692,ς                  csgofisher.co
24515403,Lit Friends
33349060,ga͏mesense
26062409,BATTALION: Legacy
28340250,DIICOT Brigada Speciala Anti-Ter
4551895,Новости об играх / News about games
4551739,Дота 2 - это круто! / Dota 2 - best game!
4609635,Dota2GaMMerS
26467755,Minion Masters
11695195,Unearned Bounty
31365340,NaztyBoiz
13916,Black Mesa
33923502,MLCS-VNPTLC
19226,Metal Gear Solid Fan Club
4295995,Arctic Combat
41892287,ღCanvyღ
25603247,Onward
27809247,NightOfChampions
31404391,GTFO
508934,osu! -rhythm is just a click away
9133654,Dolnma
25943661,Shop Heroes
28798625,#No Hope Gaming
3953965,Arma: Cold War Assault
40020284,Hoàng Anh Gaming
25175977,Elite Profiles - Good Old Times
26554878,Tha Thinh
38856038,co^ LOM^ bo^ peek
10080941,..::CANZ::..
5130566,Verdun
25579269,Giveaway Club
11295125,CSGOSPHERE
7819850,Penumbra: Necrologue
30375619,ScreamVN
41121808,The Death | Thần Trùng
43838438,LEGO® 2K Drive
35277601,SUCEPUTE |
766534,Stei Players
31714569,10iq`
25203558,HayattaKalmaOyunları
10511588,_CSGO Trade Place_
36867139,Gungnir♔
31917575,Red Solstice 2: Survivors
11320389,Cosa Nostra Rust
5636023,GTGD S1 More Than A Gamer
29724481,LaMistoYT
29589502,♦iLinkCsPlayer♦
32374040,Oy-Vey-Keys.com
27856652,Dau' Cac.
3316128,VietNamese Community
4273588,Bl[oo]d AnG[ee]L
2360982,My only friends are on the internet.
40742785,Nguyễn Kim
9792879,CSGOBazar
31785469,KringeGAMING
30941993,//NRG eSports Community\\
33517685,Scav Vest Club
27181568,HavingFunOnMyBlockedList
4446824,ArenaCS Romania
3952931,Mirror's Edge
6697542,Gang Beasts
11363238,i send women random invites bc s
33549123,IZONE | 아이즈원
11161320,♥♥♥♥♥♥♥♥
6102388,TRY´s
9632418,-QWEK- Raffles
11271865,Suu Nhi
27157249,Team Pornor
25079558,ViteC ► Play
37661139,$team $hop
10613247,GlobalElait3
35762680,Gas Station Simulator
7725110,aVasion - Azn Invasion
7434629,Darkest Dungeon®
12051258,#NeverForgetX
40260388,DITMEMAYPEEK
3412004,Nathan Vetterlein Will Do Scout Shit
26984771,tyä aputsajat
29012008,500AnhEm.GO
28977307,Blondii.
12042159,Fletch's BTC key bot
32927186,NBA 2K19
11494644,-Kill Me-
5400876,LuNiix &amp; Friends!
4657518,F11 vOzer
30099137,FREE MONEY FOR CASES (uUoaCdvwMV
7400155,Scarnet Global
28455643,Активное сообщество ✔
27450164,Indie Central
5243632,Internet friends party(friends for play)
5519564,SteamVR
12099592,Drink◢◤Vodka
41932866,NECK PEEK
24428853,Walls ♔
2151,HLTV.org
8576422,11 september
31003160,CS2D
26686192,N1ko中介交易（防止COS）
4047366,Atão?? #
10213984,Активное сообщество
8166142,Халява.
10333136,nur VODKA.EX und KEINE HACKS
25471995,TheSweMaster Community
30173961,SoStronk Next.
5701347,A Baumi Nation
6228558,[ONEandONLY]INDIA| CS:GO Servers
29969727,ditme 1k diem
27173305,LoliFestival
7571256,Stranded Deep
8717027,RetasmBeauty
2882584,MixCup.esl
34723603,spelunomix10
8959798,MMProGamiNg
10511532,CSGO Super Traders
8887572,Kristyboi's Betting Advice
2389155,www.cs-SopliCa.com
6178230,Summer Adventure 2014
36026812,Timberborn
4686823,Guardian Knights
1596643,AiwalkMedia
26280379,Team Hai Cau
26442137,Rustify Gaming
40151070,Vinfastpeek^
35475554,HaDe Games
10546736,ASTRONEER
5682575,Virtus. pro
26154137,TF2Bet
29152717,💎♥♥♥♥♥♥♥♥♥♥ CS:GO💎AABGGGEGEF1
26323,Plaguefest
10047272,Throw Smoke Mid
27970932,￡    csgofisher.com
5546118,SoFlauschig
24433123,CSGO Skins WholeSale
28461125,中国职业联赛
38818345,RedVelvet♥
30169110,FREE 10-50$ FOR OPEN CASE \[SWCG
11786427,🆅🅰🅻🆅🅴 SG Developers
8565607,DRAIN GANG
11351573,-Kin[G]un-
40403629,oBozChill
30188335,Âm Binh Team
5924060,グラドル自画撮り部!!
34371660,Last Oasis
27974483,GANGBANG NOOB
38924877,Monsters Domain
29780547,The.Peaky.Blinders
3792026,CS 1.6  Без  читеров
25442424,♦ RateDrop CSGO
3949754,The Elder Scrolls IV: Oblivion Game of the Year Edition (2009)
32656372,Cong An ELO
3871155,Call of Duty®: Modern Warfare® 3 (2011)
6173437,The Escapists
6607440,Tidr3z - YouTube
2714878,wE&lt;3 loving bangkok
33155436,Quake Việt Nam
8326184,Emo Princesses
25927586,DanmallSon
7262835,CLG*
5736263,こどもちゃれんじ
4734227,Contagion
29361891,超时空
11810210,NASA [Official Group]
4178407,Steam Hardware
6234603,Giveaway Master Group
42421190,Diabolic Wings
8130402,STANDARD.dll &amp; Friend's
38980940,Đùi Gà 🖤🍗
40659527,College Bound
26487349,Don't starve Friends DumBo
31207090,Void People
1335733,neXtPlease! Gaming™
26974976,LayLow-
5413856,Scam/Begger List
1637698,.:Berliner Hanfplantage:. GunGame 5.1 | Public | HlStatsX |
39017999,タイツ
7008967,Raffles4Ever
33314317,ESGAÇAMAXIMA
6095352,★Striped Pantsu Club★
27955582,CSGOTRADETOP.COM 20% Bonus!!
4370702,Real Life RPG
5559201,[GER]Darkest Gaming
10014766,Lancasterlar
47077,Frag's and geek's
26956087,without u i'd be miserable
11863367,Aragami
10124637,ホロ
2670174,mNosGaming
5829242,Mr.Dolan
26805888,✰         csgo111.com     ✰
9802057,+5000 Hours CS:GO
30637002,/depression
36406927,MadisonBeer ❤
9343642,So1VinhBacBo
25498796,Sonicomi
3981529,CS:GO Community
5284983,CSGO Elite Knife Club
8961205,Arkham`s Criminal Gang 2
5240359,Crowbar [Source Engine Modding Tool]
27180315,NOOOBS!!!
7990497,Steam Ladder
6041349,Hishiko ヒシコ
32967186,Kingdom Two Crowns
5654915,Prestige`
38759036,C5GAME balance buy&amp;sell
39753815,Pathfinder: Wrath of the Righteous - Enhanced Edition
30446521,The Real SkinsDream
3771506,SourceGames[SG]
27184289,TheRoadToTheGlobal
25611681,I♥JiNNY
8904161,100% Lachs
21206554,Giveaway Experts
7681038,GermanRudolfs
10595466,Junior-P-eX
4682317,Dota 2 BlackMarket PH..
814647,Killing Floor
6843744,JoltzDude139
4737714,Blink Bundle
27020717,GUILTY GEAR Xrd REV 2
9729562,"6,000+ Games Collector"
38402580,Cat Cafe Manager
5492454,CS:GO - Việt Nam
1778721,The Holy Crew Fans
38062305,SeeIsMouth
10079212,twitch.tv/d0N1NjA
34120856,faceit LLLLL
827548,1st.VN gaming
25372149,ImSaar
7733558,雲散霧消
22531258,Timber 《W》olves
26535176,Tong Khanh Linh
9098556,Shadows Peak
6625384,Idle Master
10391088,MA FLEN
32865031,❄VAC❄
29336635,🔪💉
35760983,kasuj kurwy nie bilety
9606389,A.R.T.S
4458543,Sniper Ghost Warrior 2
25169596,SoFLo Fan Club
4899455,Mass Crabbing Co
29010282,BlissGG
26705712,CNA.PLAYES.RO
10770275,Krosmaster Arena
26730445,ˆPower Rangerˆ
42320352,Brotato
27409401,◢AnimeTeam◤
10338535,dK FRIENDS &lt;3
28846455,THE KING OF FIGHTERS XIV STEAM EDITION
2803971,CSGO China
5830916,Killer is Dead
3208943,dpmlicious
25367075,☻    csgoEXP.com ☻
440319,No Heroes
28756581,P90 rule the world
5634942,Bölüm Sonu Canavarı
26878399,Aussault Globals
27943812,Oggy and the Cockroachess
38450542,GaryFace6
28075978,GʟᴀssFᴀᴄᴇ
25657249,▯  csgoFPS.com ▯
28094614,Make Communist Great Again
9413578,Team WLAY
44367334,EA SPORTS FC™ 24
29633684,CS:GO Community ψ
40883127,Company of Heroes 3
31533869,Squad 44
3082300,**СЕЗОН ОХОТЫ** Public server
35537418,BUCKY Village✪
6142458,ESV Studio - VietNam GiveAway
7866495,My Summer Car
34422036,Figure Quest
6860275,122nd TF2VN Anti-Squeaker Company
8468871,Grand Theft Auto V(VietNam)
742793,Garry's Mod
2171644,Ben Nghe Counter Strike
10936343,Coincident csgo
28473222,CSGODoublegg_official
25679949,☧              csgoFPS.com
6353753,ArmA 3 DSS: The Mod
8391523,spongebob 팬클럽
4454753,=IBM=
21886638,♍★---Go!----★♍
4668159,#CHERRYZOR &amp; CO
7846572,250+ Games Collector
9264943,United Raffles of America
30373695,PUBGBets
15357,XXL Professionals
26303899,Deceit
11727105,Трейд-зона(gift key)
5146076,al-Qaeda ✈
43665121,SUCACHEO
9689493,CSGOW.IN
5323475,Master Shop
714569,제발나가줘
42577590,Tower of Fantasy
6458753,IcedTea
6305089,#RIPD2DOORS﻿
26177830,I ʅ(´◔౪◔)ʃ I
40704804,Vampire: The Masquerade - Bloodhunt
38221882,Manor Lords
29009945,DotaX2
24689227,CSGOPoIygon
4466015,Dota 2 Only Traders
2202178,1mpeR1a(161)
36194412,Right Is Light
4615314,|GP| GamingPortugal4Fun
5865636,NaToSaphiX Official
29345497,Free Game Announcer
33115009,48kg penis
36625460,monke؜y
31931544,ColdBloodedGuys
30641276,WTF is this *** ?
10109758,♥♥♥♥♥♥♥♥♥♥
34712802,TugaArmy | Community
7879370,Lineage Eternal
26741839,GamePromo
28192089,♥♥♥♥♥♥♥♥♥♥♥♥♥♥
7557685,NEKO-LOVERS!!!!!!!
11679033,Topteam Invite
5439265,stediedi GO
38690466,GiangHo CS:GO Server
2807443,G3M - Group
10785892,AMK eSports
945901,Killing Floor Map Database
26427888,5 Badges Collector
2927016,Alice's TF2 Servers
45702302,Sudden Strike 5
28969541,๖ۣۜFIRE๖ۣۜHouse๖ۣۜ
8853936,Kho game gia re
5085897,TWoS.Team
27640793,Giao Chu Minh Giao
36934327,Borderlands 3
739447,[Xakers.tm.}&gt;V@n4IK
12052318,ぱりぴーうどん
3713084,Dota 2 Items Trades
3606602,Обмен|Продажа|Покупка
2142824,Reddit - Giveaway
11055196,xX_MLG_FaZe_Opt1c_sK1ll3rz_Xx
44858017,Sweet Baby Inc detected
29544590,Giveaway skins CS:GO 8July 29506
4463399,Kerbal Space Program
7548393,Infos Krieger
38504244,Bac Ninh Peek
32927733,Totally Accurate Battlegrounds
1517939,Clan Xtreme - VN
9758222,Smurfbros
45549498,Wuthering Waves
30867483,Nukige
18001798,❈  CSGOJACKPOT.bid
3973287,cooL gaming -
26823207,XField Paintball 3
2659,Noob Galore
2013638,AStats
4010063,Hitler Did Nothing Wrong
6865901,ACS.LT
28221435,GoTurbo
28305096,Lỗi Phân tích XML
26998863,OutLaw*
4331739,Seven Kings Russia
6058399,Antpire
3641647,[VOZ]Sniper Elite V2
35230264,ManulifeSolider
6809135,BETS.gg
27450319,bluE &amp; Friends
2463158,joinDOTA
4870468,FACEIT.com
6018537,Gaming &amp; Trading Central
6160647,Marinated Hotdog Rafflers
6019659,TeasyCat
5351124,CS'GO Trade
11458110,Saint Devils cs:go
510092,Let's have some tea gents!
33215973,Lỗi Phân tích XML
25572585,▪  csgo999.com
5557170,rymdkapsel
32948422,FerrariPeekツ
3512061,Gentlemann's Estate and Haberdashery
151547,Matosinhos
6459475,Assassin's Creed Unity
35775067,[Team SMG]
10198519,Safe Trading by cYbeRoS
7361451,Duskers
6993837,LionCeeper
4323232,48th Regiment of Line
33867792,Lαdу★Sιиιѕтєя
3953678,PixelVision Skin
10831859,elPawel's Betting Predictions
32512122,G2 Đông Lào Esports
28379601,CSGOFLYTRADE.COM*Free 50$  Gift
7990887,Agent Kingsmen
42107561,AE Ăn Đờ Ngao
28275144,HydraNation
45160719,The Czar is Dead 2
5730138,Goodgirlmiwa
24125064,S-Cute
6122052,Free Games Info !
9538822,✮Anonymous✮
32865047,☀VAC☀
6335179,CSGO Mix Sverige
39627096,Bèast CSGO Server
5048490,Dota Trading League
5995245,Transistor
4679451,HITMAN™
6021602,FaZe Clan│ CS:GO
6791609,Bựa Gaming
39992372,Rạp Xiếc Đường Tàu WAW
11745944,Add_randoms
11562996,Premium 128-Tick EU CS:GO Server
8517534,Insomnıa Türkiye Jailbreak
26931738,Infestation: The New Z
37958819,Vietnam Pro League bot
4562877,ArmaVN
6392776,Murder Miners
35820236,★ Hoàng Bò ★
6785156,Max Nhọ
25313729,M.S DZ Team Community
3149493,Indonesian Dota 2 Player
4714339,I Am Horny
41968912,𝒬 𝒰 𝐼 𝒩 𝒩
29326735,𝓚𝓲𝓵𝓵𝒆𝓻 𝓚𝓲𝓽𝓽𝔂'𝓼
11980674,Team NoFearr
29407328,Republic Of All Gamers
9716711,Legend Blue Dogs
37229549,Team Snoppskalle
9202219,CAND
36131639,*$*Hide_Away*$*
11739878,ReviewExperts
9786685,For The Win | Servers
24679095,Bullet Force
2816339,PsiSyndicate
33460739,SOULCALIBUR VI
43881403,Perfect New World
32805310,SanBatCuop.HaNoi
8549735,WWE 2K15
26488029,♥♥♥♥♥♥♥♥♥♥.gg
4384344,Huế DotA Hội
9672998,SniPer-
5860357,Watch_Dogs
5847981,_SunshinE_ Team
43788013,BLZ Warriors
8340255,Assassin’s Creed® Chronicles: China
26804191,- TM8 Network -
26356630,Gal*Gun: Double Peace
11355229,DST-VN
5061642,CSGO Trade Skins/Case
34556117,Fate/EXTELLA LINK
27737364,Rena's
4237948,.-ϟїяṧ&amp;Mαḓαмṧ-.
33489209,Raise ௵﷽﷽﷽﷽﷽﷽﷽﷽﷽௵
1611925,RudeBoyZ Officiel
43315153,Hades II
44872082,KinayeGaming
3770380,✖DayZ
9458175,☯ The Hyuga Clan ☯
34016529,23 Artifact VN
10585812,Weaboo's Squad
10637053,SkinsDream
38015757,Blood Metal
29599339,NEW CASE  23
4458461,Dead Island Riptide
6263412,Jerma's Group
4437469,Warframe
6890910,Trading Network
7008559,VietNamShooter HN
364108,team dr house
9079570,Flamedyr's betting group
4459162,Saints Row IV
44492127,BEAN-PEEK
977,4chan
32791864,Green Hell
11186342,QuangAnh2142
1286,Argentina
6999886,HorizonServers
28155944,CSGOMIXTRADE.COM &amp; Free $50.
3142470,Counter-Strike: Global Offensive - BELGIUM
30410066,Duped or Not
26696338,り          csgoinv.com      り
41286238,MONSTER HUNTER RISE
11320479,Puukko Kerho ★
8382284,DERANK-.-
5822795,darkhors.e eSports
42239658,joker8520 fans club
5285649,uLLeticaL
30099695,FREE 10-50$ FOR OPEN CASE (MTqnw
23923389,CS:GO-SkyVN
3746675,X-Vip.net
11404804,maCmyself
7846559,25+ Games Collector
26829293,StK-F*CK YOU CABLENET Group
41581368,VietFood
6757907,The Turners
27926452,t0xic__
27678007,Bách Tân
27383636,Gamma360
38383446,Bốc Đầu ...
9037674,LEGO® Jurassic World
25296472,CSx55
1583390,Vietcong!
27816465,Global Protein For President 2
6908988,Grand Ages: Medieval
5152580,ATCPGamers
5943472,Among the Sleep
6025818,AMAZING 10
45343433,REMATCH
3953212,Ticket to Ride
35930496,KEBAB  PEEK
5474498,Titan
10569427,High School for Gifted Students
1786994,Berliner Chillzimmer
9912572,Bo* Vo* Club
3229727,Game giveaway group
26724653,ↂ         csgoinv.com      ↂ
4819508,Now is our time
6118484,Dead Rising 3
32960256,Secret Neighbor
23740371,CS.MONEY
8563049,R.I.P   sZ.Overdozz
4160028,Chivalry: Medieval Warfare Tunngle
43457340,Power Rangers GAME MULTIPLAYER
35200280,HIEPSIDUONGPHO
7984254,+ Free gifts and keys (Giveaways). Games &amp; DLC's
25906821,Caserandom.com
10280702,Blur Esports™
10351351,InQQuliGaming Group
32074248,Apland.Gaming
11781971,KeYboArD and Friends
7821315,Poke Squad
7081313,iKeepCalm
5732734,Fistful of Frags
5851363,JimPanseGruppe
1884986,Pro TF2
3892451,Orc must die 2 [VN]
32800987,Otaku Followers
8754773,Billosoft
11171561,LuckyDipCSGO
658107,CEID UPatras
5221514,OxiChampion
7759199,PhoenixHN
5203586,n0thingTV
25546537,7+ Years of Service
11720758,Team Cyber natus
102796,eSport.vn
25120881,AiU.
29510363,Cyber Dynasty
26105028,✾Adventure Times✾
11172397,SkinsGamble.com
7410083,V.A.C.A.T.i.O.N
45122676,l AM MUSIC
28521577,PLAYERUNKNOWN'S BATTLEGROUNDS |
22946555,The Doctor Slim
39907648,Urban Predators
44795648,Monster Hunter Wilds
71123,Mike's Public Test Group
21810296,Die MinuzMenschen
7797646,BookieGG
11856604,MAKNYUS e-Sports
6502624,GΣGΣ珍妮 I Twitch
40547217,JamYoung upup
42518698,ARK 2
35954026,ok em
8732450,Space Soldiers Taraftar Grubu
7029327,NIP‎‎‎‎‎‎‎‎ ‎‎‎‎ ‎‎‎‎‎‎
9036925,Rocket League
37390486,ᴅʀʏʀᴇʟ ᴀʀᴛᴡᴏʀᴋꜱ
35676154,Wasteland 3
9911605,DynamicGroup2
10076249,Undertale
9911341,TeamNonToxic.GG
41924705,PEEK LIKE TÔNY
28222919,ARENA.REDFEAR.RO
5795738,BattleBlock Theater
24672110,"Анимированный ник, звездочки #1"
39431704,ThreeBee
33680740,󠁦󠁦󠁦󠁦󠁦󠁦󠁦
40787173,Anh Em Hà Giang
29627751,CS:GO CASE NEW 4
5347269,/r/GlobalOffensive
42855113,The Great War: Western Front™
33992279,𝐹𝓇𝒾𝑒𝓃𝒹𝓈𝟦𝐹𝓇𝒾𝑒𝓃𝒹𝓈
8069697,Cerberus cs:go Tournaments
9811184,We love SiSinKaღ
33389953,Kalizar's Level Up Bot
7849292,DiamondArmy Official
10755843,Jun and Friends
10539849,TWICE❤
11654298,TYLOO·
38141941,Tào Lao Peek ツ
1264240,Free Frag Network
25590324,Young &amp; Wild
6761002,CSGOMall
8072001,Top Frag Advice
3952626,Borderlands GOTY
4801571,STORM 69
10240148,Alpha Group Community
823183,Team-Immunity.com
31787378,Extreme Esports Pro League
8866533,Her Story
30558955,Những Đảng Viên Ưu Tú
5280339,Twitch.tv/KazimirTV &amp; Friends
27954182,we eat pussies
7323191,Born2Run
22637790,online relationships arent real
6557386,FRANKIEonPCin1080p
28255909,CSGORISK Betting
27496478,Chefcases.com
24587778,Give-Away hàng ngày
30082350,Skull_Shot
29297549,House Party
6826874,FINAL FANTASY XIII
10583799,Manga - Anime 2 Vietnam
35933161,VNBC University
8469735,A5tw
25456466,xXx_Denation_xXx
40717940,Thu Hương
34603394,あいやぁ
5907171,Dead Effect
28337408,The Golden Tiger
42059842,Tấu Hề
565345,[modme.info]
27673923,9Dragons
5638404,(\Sharp Dressers/)
20497,zu 3st
8673433,KINGUIN‎‎‎
26613642,Phủ Khai Phong
35142366,skeet.cc ᠌
4830355,Dota II Trading Place
3540889,keygamepc.com
3871148,PAYDAY: The Heist
25343368,State of Mind
33250690,专用小号组
27478518,The Last Hope Trump vs Mafia
9505398,::Kancolle::
38298839,hau u lai right
6550003,Showbiz Việt Nam
165,Evil Avatar
10407607,The Guild 3
28652432,Team Fortress 2 Vietnam
2329841,STAR's Congregation of Smashing Gents
10376418,ContraTap Community
4479960,9é Regiment de la Garde
26726517,EZGame Store
25690056,℘  csgo999.com         ℘
12236575,Gemini Missions Here
10927145,SkinJoker.com
42501705,Call of Duty®
27134472,skinswap.gg
33665376,MadaXc
35470272,4 AM
6104722,BlockStorm Voxel FPS
32090378,Dead Frontier 2
7277711,xXPokahontasXx
10277089,WARFARE ENTRE AMIGOS SIN DCL
41624047,ARC Raiders
35065273,Cloud9 Vietnam
26879625,Hellgift.com
10503219,Secret??
4499454,bRoTherHood.Gaming VN
11920205,GrillOnYou
33034732,TFM: The First Men
34131138,BerufsZocker´s Trade Group
26354819,sui's giveaway club
37384614,Tik T0k
2787343,TF2 Outpost
24620484,|TeamAstralis|
6191690,Xtremezone.VN
41206782,Spaceboi
6880972,REKT:
28651886,FREE СS:GО MONEY 50$ [743D
11172987,PYTrixx Community
6612107,Sparkles Ninjas!
22865848,Gia Đình SKY MTP &lt;3
6119952,Unturned
10094006,Battlefleet Gothic: Armada
31004984,hotupgrade.com
4917010,Level 130 Collector
43274100,Garten of Banban
11823816,王老菊未来科技
4788793,EXCHANGE ZONE
5154158,MythiX*
6277533,The Fifth Day
1732760,World of Tanks (community)
356733,Spain has to Grow
30396589,Guerilla eSport
4966244,DotA 2 Trade (PlayDota)
31692678,Wolves Gaming™
6658156,♪Loli
33875605,SynergyGamingSEA
9597,Starcraft II
9853899,A7nhucuc
27944861,Emerald.GG
19092287,CRAIOVA NREK
4461661,Cry of Fear
9991374,.blvck
34474128,CSGO.net official group
8734089,NO_QUITTERS
10547539,1S3K[DN]
42949884,Once Human
39371861,CZOLGISCIPL
5244952,Gaming FM
10757630,Phoey Phoenix
5824961,Weed's OGs
7572682,Skyred Gaming
6357736,Es sniper Bo2
22547653,❁ FREE GIVEAWAYS   ❁
27218927,StarbucksVN
10454670,·♛·
7143853,Fractured Space
27653632,Moobyn
44395668,⛴TITANIC⛴
6845150,Rose's group for random people
29139006,Wolfenstein II: The New Colossus
3553459,Meet The Stats
42370842,Ɑ͞ ̶͞ ̶͞ ̶͞ ̶͞ ̶͞ ̶͞ ﻝﮞ͞
26741265,ADAMSON FAN GROUP
29994717,Hobo: Tough Life
28649282,CSGOSKYTRADE.COM ^ Free 50$  Now
29265765,2AnhEm
35068692,Killsquad
9096702,Your Mother Pass Away
44889766,Kingmakers
27463093,earn.gg
33429623,Team Đạn Blue
11986816,MissClumsyTv
7270901,Valiancer
45551247,JACKBOYS 2
25294993,Galaxy in Turmoil
39917265,WillerElskerLaura
10333964,Keep Talking and Nobody Explodes
29151223,Tropico 6
3222643,.:Skyrim:.
6323600,mimimimiTEAM
8423993,SNG | Level Up Service &amp; Giveaways
42415598,glv 10k kings
7213985,HN Say
32688378,Wibuslayer
11933864,#Y.O.L.O
33160094,6kg rat
4082263,The Elder Scrolls Universe - Nirn.Net
11762854,Youtube: TANZVERBOTcf
25178546,❁ CSGO999.COM     ❁
41090303,Làng Nghiện
25342992,Miaumarmelade Official
26033353,TOP PLAYERS EU CSGO
31853954,B.O.P TEAM
29101076,Marvelous Daily
30689340,Loyalty Gaming | Community
25465187,We Love Referrals
40934325,InferMonkey
33035916,/r/saliens
4703409,Dota -2-
5156115,The Milfhunter Community
36945331,Circus Squad
9273204,Jurassic World (Ark: Survival Evolved)
42976740,Lỗi Phân tích XML
36381048,Resident Evil 3
25644357,Penguinteam69
7248638,Greenlight Arcade
3952785,Mafia II (Classic)
25064428,NieR: Automata
32518008,Bellas flores ✿
10837283,Stan Lakeside Arma 3[PL][MODY]
34590124,Aircraft Carrier Survival
25296664,Crowns Official
7615062,Magicka 2
5294722,War-Lords | CSGO PUGs |ASIA|
25321513,Izad &quot;IzzyR-&quot; Rosdi
10936011,NoRuleGaming
34878084,Tay Be - Chim to
28510426,CASEJAR.COM
39322709,It Takes Two
34405513,Winchester's Famillly
44536241,Little Nightmares III
5865015,King Of FPS
12655201,Rush for gold: California
31741039,Contagion VR: Outbreak
8596821,Lot's O Giveaway's
5588201,I.W.A.G. Group
11025097,Tons Of Bots
8805205,CLB HOACẢI
10494764,k3chTV
11657336,Heartstone Brawlers
29375445,Black Rooster
30390001,PUBG Boxes
10737080,GreezeMoedeStuntz Subscribers
45059409,Five Hearts Under One Roof
4456593,AeoN*
122254,hammerfest
27392114,h1ghnoon
2139894,GosuGamer Gaming Community
33340494,LamCoTatCa
5948169,Lana Del Rey Fan club
7309985,Apparitions Got Game
27929982,csgofisher.com          ₡
22881340,Manga United
26303987,CS:GO Royal Trade
26162,Turkey
7778831,EnVyUS•
27864270,CSGOTRADEHOT.COM ^ Free $50!
29002669,RazeCards
8127830,ProDragon'S
25333561,Prey
5249419,/r/GlobalOffensiveTrade
9316657,Shpendiboy Community
6991888,ISIS ‎‎‎‎
41409530,Concept art󠇿
11928525,The Luminous Nutella
10078,Greece
3741956,DotA2 trade center indonesia
117620,[Impact]
7060461,Team Pornhub
12034444,the art of screenshots.
25823463,Harambe❤
41992629,SLUZBY SPECJALNE
4327541,Assassin's Creed:Brotherhood
26632194,Toxic as ♥♥♥♥♥♥♥♥♥♥♥♥♥
2422371,KZVN
3663016,The Elder Scrolls V: Skyrim
25842781,MIDNIGHT | Just to be a Winner
10919025,Zuu - Shop Game Bản Quyền
11359236,MajorGamingCo
30266861,Sea_Pow3r
27811395,UPGRADE.GG
31196077,Verkäufer
279294,World Stars
11447955,Kubop's Automated Keys BOTS
25189256,HI NOOB DOG
41223731,KWANPEEK
30141199,FREE MONEY FOR CASES (lLLXVXDEyG
45469712,Everlusting Life
8752657,MVPL Team Official
22892966,Absolute Zero.gg
7194164,[FRG] Forerunner Gaming
5204412,LeveI 300 Collector
3890904,GOLD TEAM - VIP
38268280,Crimepunk Detective
26731258,Jvm`s
5383109,7 Days to Die
8530969,SKYRED Fan
3045817,Team Stupidoz
40872441,FIFA 22
4415583,p.Celestia
25329599,CSGO999.COM ☯
41697265,Brock KZ
2738,iLeet
8596809,Lot's O Tradin'
3957928,Counter-Strike: Global Offensive (JAPAN)
32810132,Spidey-
26204289,Redacted Network
32695539,Barely enough IQ to breathe
6177165,bibanator community
18171943,Wanimal*Esports
27113709,香港戰術遊戲群 (公開)
42392173,Snow Flurries
10379262,skinwarz.com
9377387,SurvivalList
25733890,Vikings - Wolves of Midgard
27246831,The Engineer's Hub®
5803385,The worthy crew
5533120,izaktv
6987356,VAC­­
5815964,---&gt;209&lt;---
27961361,Autistic Loli Traps
26909809,Marijuana Fan Club
9964604,☜☆☞Mr.Army☜☆☞
25198757,[Happy Team]
26463595,Dream_Art
26571693,True Sight
28783509,realCSGO64
33283521,Chu' Cho'
557702,Machuta
43178884,O2Jam
25690995,☧  csgo999.com                ☧
11181256,Lỗi Phân tích XML
25312699,Shattered Skies
7308029,CS:GO Trading announces
22055221,Killzone Gaming AU/NZ
35638656,Chicory: A Colorful Tale
5849180,Fima's YoloCrew 420 Blaze It ♥♥♥♥♥♥
9134618,Free CS Betting Advice
27066411,wormax.io
22317983,Cringe Cores Cancer
9941452,Free Teamspeak Servers
8996855,EzaySkinsEzayLIfee
7998800,NgLengChuanFC
25261638,TrueCraftLP.Elite
6064824,Thiên Đình
30533273,Friday the 13th: The Game Gamers
32757577,☁Mây7☁
40208281,High Levels France
21962338,♥♥♥♥♥♥♥.com
9234186,Nuclear BadAsses
10754809,Power Puff Girl (PPG)
31209660,Pipes!
28458565,《☆》
45467379,Teamfight Manager 2
11341819,Ninja Jackpot
43187259,NhaKhoaHoc
3558400,Voz Inhouse
8566169,Lufity
25327302,✗Doge™
40919419,Anh em K5B
41188435,Football Manager 2022
5738626,5 Fools
37227434,Turtle so slow
26802505,✩csgo111.com       ✩
28387870,FREE СS:GО MONEY 50$ [G4heher
1190409,Gordon's Crew
3116236,TBNRfrags
26423772,CSGO Items for you
24829173,Team Achilles
27818096,SonTung.MTP
38077139,1820HT.Black
12052794,TeamHabib
5491565,Значки и символы
27148396,Ark Primitive Gaming
37609319,Shelter Manager
2667495,Lỗi Phân tích XML
39827373,GUILTY GEAR -STRIVE-
4677654,ИГPOМАНЫ
12092631,Team NisaY
7798261,Miitschgo_YT
2203743,Do Gaming League
31790932,SPECTRE ✔
25609692,CSGO Players.
7183337,PESVN online
38134171,[Elder Wolves]
44780397,Mecha BREAK
28674542,FREE CS:GO MONEY 50$ [i1] q1w5
6348773,Fort Faceington
27689645,4≡1电竞SDY
11565157,Cute.Boys
11647754,Crispy's Bits
27544854,LANDODGER-
25072578,Tf2 ~ Giveaways/Raffles
26536285,hltv.vn
10791538,Panix Counter-Strike
4239806,Onscreenlol
122566,tainted.css
27181606,[JP] さくらサーバー [TF2]
43395160,335CauGiay.M88
26249656,please share i finding this girl
1622830,Fallout: New Vegas
43829016,Пермь в дыму
12050404,ｅｎｄ ｍｅ
32256332,Noldoist TV
26293681,The Wild Eight
6356394,NoobLand™
43882652,MEOMEOMEOPEEK
26757677,♦ (СSGОRound) СS:GО
11856324,TOPTEAM PRACC
5276186,Blender Source Tools
28320402,Master and Servant
31057894,Twitch.tv/Sezo93
6835555,Emotional Squad
8005682,AwPNade•
29710521,Twice x Once Forever
28344929,S.K.N. Trade
1528357,i'm a pretty girl.
8567357,ENVYUS   ∞
12038619,Popobaligi Army
12233271,BTNG4ming
4123209,Saigon Jokers
11450333,Life Is Chloe
9191596,GAME INVIte-VN
880894,Plants vs. Zombies: Game of the Year
33186560,Superfighters Deluxe
25178643,★  CSGO999.COM
5994767,SoStronk
26807284,Noob Defuse
35407737,VN-CS:GO Helper
3357712,NecqGaming
27392785,Automatic Level Up Bot
3090637,FGCL.eu
6690430,8Frag
8936025,TIS-100
42280881,NgaoHunter
4766496,Bonaquas
5381767,Оффициальная группа Bullit's
11067986,Bagă o Bere Personal Army
1912558,[Max]Beauty
26807559,Charlotte's™  | GameStores
38098411,EA SPORTS™ FIFA 21 
5743921,dota$vn
25936326,|Suicide☠Squad|
25134688,Dumbo FanBois
2864857,"Раздача ключей, инвайтов и т.д."
25101131,C.U.T. CORPS
28936607,BLUEBERRYgg
2616407,Spiral Knights
12054543,CSGOComeback
9612374,Tigers Reich
43982774,young 34yo talents
1735102,Counter Strike SOOOOURCE
12124487,Laura and Friend`s
27896325,FreeStyleFootball
31809497,Eagle Hunter
8944624,Big Play Raffles
3952750,Call of Duty: World at War
26661500,smokeeemideve
26404471,Anh Em Sky oi
27923286,Inquisam's Mega Raid DayZ
26597612,Team hajTu
27966000,Arkx60RatePVP MassiveTribe
25882675,DA PETROS
27721252,THRASHERム
35255803,Có cay lắm đâu
125441,LGBTGaming Community
44604689,ÀLôi
6178178,Older |
9322680,MVP.Karnal Fan Group
33572561,SerpentsGG
26805012,✫                  csgo111.com✫
36805194,OUTRIDERS
7728332,Trading Blue
29667620,FREE 10-50$ FOR OPEN CASE (oJcxa
10321684,![EU] BEST
26413242,Biet Doi Bu Cu
2540762,Call of Duty: Modern Warfare 3 - RUSSIA
1259051,Noodles In Gay Guy Erected Rectums
10112439,'Advanced Combat Elite'
25271565,❊ csgoEXP.com     ❊
12110782,enK's BTC Key Bots
11989479,Team ONEAL
5294585,RyuGaming
5287252,Chitoge
28002943,Total War Vietnam Official
4154,Naruto
32624829,| Mirage Gods |
29144377,Assassin's Creed Origins
27770524,CSGO:CG
28810722,list of level up bots
38020290,104 Cadet Corps
27937116,headhunter101
6972054,♔ TheKings ♔
11683421,♥♥♥♥♥♥♥♥
34756618,"oh,é gozo"
35910844,Bestest Player
31026165,Skkf hardcore 2k12-2k15
500497,|ACE| Amuck Cybernetic Elites
9427744,Tf 2 Raffle &amp; Giveaway
34955767,The New Kjngs
42672891,Warlords Under Siege
29826724,Color Hat
3362656,TradeCentеr
11498096,As Fast As Lightning
27200516,☣    csgo111.com               ☣
25368022,h0wn
33245135,One Ok Rock🎶
32144777,Assetto Corsa Competizione
6010586,Ötüken Klanı
35220473,Empire of Sin
45081570,TCG Card Shop Simulator
11422711,[VN] Left 4 Dead 2 Official
4053625,NiP GAMiNG -
30458379,Ao bara (青いバラ)
36025540,partyteam1
35118459,AUT Trading | Selling Lounge ✅
41069532,K1ngAlex
35306100,Horizon Escaper
15239085,Hạ Long.CSGO
33392549,Felis Catus VN
7567755,MAC 10 LOVER
25205561,❉ CSGO999.COM   ❉
27069390,C. - GIVEAWAYS
41595241,UNCHARTED™: Legacy of Thieves Collection
32977726,Vietnamese ♥♥♥♥♥♥
28930444,Nekromutante
25854477,Donator's Group! STEEM
42469700,Witchbrook
28825351,FREE СS:GО MONEY 50-100$ |577|
44661899,RustCasino.com
6051270,FSGGA
26041781,Wardell's Awp Academy
3953086,The Sims™ 3
5177383,A Game in Need
8131858,Free GIVEAWAYS and KEYS for gamers
38588339,elo؜&gt;girls
26774825,☞BTS☜
35685771,Hades
45343478,ELDEN RING NIGHTREIGN
24317149,Captain. XD
39356418,Hoa
9423791,Bullet5'
28395694,FREE СS:GО MONEY 10-50$ [1GG3G4]
3599015,° Gain Peace °.¸¸.•´¯`»
11895491,Over Limit
7816075,オタク の StatTrak
25150696,♥♥♥♥♥♥♥
4915343,Level 60 Collector
1643046,zbip
34924170,LonVaoNenGaming
24188295,U.S. Gaming Community
26143455,乡 ุ
5917262,CSGO Giveaway
9007423,Sky Go Extra
27510438,Động Những Thằng Phê Cần
27063191,Ex0ticKillers
43984412,Unrecord
26577819,Best Profiles
5674688,RevivaL-eSports
8957493,Fallout 4
26811639,SABUNER.
28685684,FREE СS:GО MONEY 50$ [GDF45YU]
44159268,Warhammer Age of Sigmar: Realms of Ruin
7472851,CipanguJapanTeam
10901242,DarkFireDrive
10147424,Bombardieru
28741140,FREE 50$ FOR CS GO[DSBH6]
45712411,Battlefield™ 6
24913,~™†aWp†™~
4113522,AirWalk Ladies
4359005,[VN] Garry's Mod Frenzy
28512634,★NoMoreNova★
1862595,Le Skill C'est Mal
5451029,^.^KittyPlays
25259280,Vietnoies
7393134,P-L-A-Y-E-R-S
32649178,i cheat on my main coz im smart
5138232,#SWΔG
5927854,Pro Virus™﻿
26410284,SKIN ARMING official
4222150,Call of Duty: Black Ops II - Multiplayer
22949991,ezSKINS.GG
10959988,#Free items
26672663,OffTopic (RO)
25027218,贾宝玉 FAN CLUB
6617403,Guacamelee! Super Turbo Championship Edition
31332543,Saksham{Bhai Saradar soo Riya ha
28528100,CSOFFER.ME
635201,Thigh High Socks
6760409,TheGreenLing Youtube Fan Group
5959687,MGETurkiye
10946399,BKPTT
1205626,[Voz]
7740142,Fluffy Puffy
5607032,Respect.pro
27724627,axonek3
34310381,Greeks &amp; Dragons
28667209,Darksiders III
28660555,CancerSquad 10mans
6638855,The Vanishing of Ethan Carter
7341885,300+ Games
4471358,Starbound
34474429,Chernobylite Complete Edition
29509750,4m0ney
28593868,Nightmare#13
26040956,Legende.cf
28869404,[E]z ✪ Company
44131130,Mortal Kombat 1
51338,xqR ExsequoR
9444612,CSGOTR.Net - Skin Pazarı
27770331,Vietnoy Confirmed
26564205,keeping advanced warfare alive
1850,PC Gamer
3567731,rechyyy
6214122,Heroes &amp; Generals
34869065,BIG D HABUBS
27749343,SkinMax.gg
3984080,Mistake Ben Nghe
27040358,BuZZ KiLL'S Trading Group
2822661,Battlefieldcore
2004523,FSCB
44152548,chaiuem
2981528,Hookups
9714620,HellianTV
3475470,Beck Team
7432088,Geometry Dash
4574490,*ПУБЛИЧНЫЙ ДОМ* [2]
30179194,Nevzat Atak
6101713,Artwork Profiles
29129013,GemsCrop - BOT Group
32203526,[Cs:Go Huế]
25690069,Aqours!?
27275454,Đảng Cộng sản
44237048,Senua’s Saga: Hellblade II
10172942,Football Manager 2016
3213050,Bunyun Army
27839871,FREЕ СS:GO SKINS [04-85$]
6360045,ETS2MPTR.com
4096596,Publiclir.se
5638479,Fundaaaaaaaaaaaaa
26840540,Bubben ツ
9359824,VeryNature
44781351,DRAGON BALL: Sparking! ZERO
1409882,Supreme Commander 2
111877,VPop
22966693,GODSENT.
37428846,máy địt Việt Nam
32113903,rKon Renaissance
3682862,‮‭
33364437,Hoang tu Dingty fangclud
11365918,CSGOFlashBid
34253225,﷽gwind
33338078,Hentai Girl
37506696,Over.30
34787320,MãiLàAE
7784001,Life Is Strange™ Official Fan Group
31793279,Trackyserver
4454796,Tomb Raider
23372595,[へんたい]
7146465,1Hp.Titan Esport
27744653,●X∙Men●
1346644,Rep. of Korea
6862827,Team -SaiyajiN-
12117398,Handsome Men's Club™
27156290,Anti_Kinggggg
5527736,Cakes Gaming Community TF2
2926921,Dota 2 VN
5237463,Nova-Senpai's Weeb Paradise
8000037,☭C C C P☭
45259627,Subnautica 2
28357220,Team HypeD-A
9084648,Street Fighter V
8086840,iwnl
5509146,#sadboys
32293923,East Coast Gaming CS:GO
30123059,FREE 10-50$ FOR OPEN CASE \[2X1]
3465596,[VN] Zombie Panic Source
35291763,Sweet Dream Succubus - Nightmare Edition
10467740,Gi.Gant
35263255,SAMURAI SHODOWN V SPECIAL / サムライスピリッツ零スペシャル
8161983,☆VAC☆
38657414,Animaze
401140,THE IDOL M@STER
4724163,Dead Island Riptide VN
43168974,Maid Harem With Futa
59789,R@t Hideout
42798439,Con Chó Năm Ký
3294229,MyMGN.DotA2
6807045,Club of Gamers
25873263,Amnesia: Final Revelations
36997257,O.N.E〥
6567866,Creativerse
9130959,FlasC4.VN
7515755,MmT.UnioN
33550198,飛び出せ
5662692,SSG 08 Frag
11868858,Kurts Community
32572494,Real rank silver
3362417,Team RedLock
11192227,ProfessionalHeistersLoud
26730472,BlackPink♥
33633764,✪ZooTeamヅ
7007742,N3rdg4sm
5464980,Huck Gnar
36307828,DJMAX RESPECT V
5863862,DERANKERS |
31319125,Gaster Gaming
36857668,Epika z TS
11105936,DayzSurvival
2372203,DeltaGameplay
33175519,Quan Lot Gaming[QLG]
9041521,The Solus Project
11985742,Dripping Precum
5275415,coL.Hiko - www.twitch.tv/HikoTV
10338056,Fear.Comes.True
11653891,TheSisters
33872127,Wellspring Magicians
38926619,Ultimate Tournament
30293231,Mirror
9772275,Freshmen HDA
35228,Swestrike.com
657341,[kz-vn]
11984397,VoRSuM
4429,Just Play
2689409,mTw|nooky Fanclub
25177973,✾     CSGO999.COM
26955170,☂ ุ
27006811,VN-CS:GO Silver Rank
6858371,Panda's Corner
28338059,CSGOWINALL.COM • Roulette93
5997964,CS:GO Stash
27503142,Stay Pawsitive!
6824307,Team-De-Rank
7178272,Kule Kidz Klub (KKK)
10244520,Tomcat's Stream Group
8790572,Zentorno Cerebtal
12189585,Girl Gamers - Aren't Bad
7692215,Infinity-Gaming Community
7605715,Bhayanak Chutiye
9471240,SKYRED CSGO
28057881,S4 D0a. T34m
6927092,Just Shut Up LA
37845754,X−Team Gaming
5883950,THGAMiNgM
886126,Cat room
10157444,Klaas - The one and only protector of pølse!
8157198,VPPGamingNetwork
35143931,Steam Labs
36687164,Torchlight III
10369688,Madness.GO
10024239,IMAGINEPLAY
5922195,Tinker bells fairy's
5505591,Shy and socially awkward
26235885,Match Making Kings
2511779,MEMES™
37517643,Mezoo's World
28359905,ПЕТРАДа
1195023,MyC Project
32174950,Monster Sanctuary
40671762,Palworld
6760744,Reqless betting predictions
44457345,MiSide
25372873,»Ânimê's Lifestyle«
8402999,☭CYKA-BLYAT-TACTIC☭
26843924,+ RicolaGang +
12129405,Screenshot Lovers
4710961,Legalize # Old School
27654754,ℨ         DOTA777.com         ℨ
25296341,CS:GOBig
4742507,ArcheBladeVietNam
11526171,Knight Online
6140741,&quot;We are all Friends&quot;
5044599,{eX3m}
10038967,whiskeyo'
4698384,Dead Island Riptide Tunngle
26208130,MattCS
34582438,GoDota2.com
7619159,*(noob) *so what!!!
5836090,Clan ROCCAT
4157096,DOOM 3: BFG Edition
11130139,Keen Dreams
7326649,GameGoTR
34479148,CS GO Skin Trading &amp; More
11162765,Phaethon's Faytons
25806787,BEA$TMODE ON
30423540,Quake Champions
3664758,ViệtNam
26040796,UPSKINS
7280092,CS:GO Traders Place
32624782,HaDe Giveaways
44719856,ARK: Survival Ascended
20929,/d/ is for dickgirls
7459404,WESTSİDE
34079319,ROBOTAIM
5158698,YoungHand
7659124,Republic of Gamers Group!
10309947,👿 Odyssey 👿
9515393,Điệp viên
4936077,-FGR
3125982,Counter-Strike: Global Offensive - Russia
7389167,2014 Holiday Profile Owners
3602397,Kenny 'kennyS' SCHRUB
27024252,にこもり！！！
25667610,NooHope
7341889,Coin Card Gaming
5149409,CS GO Lounge
28369779,FREE СS:GО MONEY 50$ [12GFW14]
13373714,Giveaway News
4561566,Age of Empires II HD
7821348,FadeOnCake
6162678,Yolo-raffles
11294452,♥♥♥♥♥ Knubs
43372748,Tom Clancy's The Division 2
32564537,Black Desert (Retired)
33119116,Gold Digger Maze
29163309,Staxel
34880376,Kirby's Dreamstream
1108903,for UNCUT!
27535277,Mosaticon - ASCII
44524500,Black Myth: Wukong
25946493,Oh...Sir! The Insult Simulator
26562520,Enchanting Profiles
33591597,Giải Phóng BacKei
4977669,FrozenHaxor's Trading Bots
28521035,Lion..VN
29653858,Vaicalonluon
11248333,PixieRust
6090217,White&lt;3 &amp; Friends :3
45594007,美女，请别影响我成仙
24194500,Cat_Society
27129132,SaiGonHeathens
26230351,gamdom.com
3585639,S.Signature
26619167,AdvancedWarFarePlayers
11088164,DARK SOULS™ III
4073467,Dispenser.tf
11750930,ダルマ
7317083,Mantis's CSGO Servers
6842581,WTB_WolfgangTheBozZ
9313708,Slow.Motionn
31380362,Atomic Heart
11479325,Neck Pillow Nation
1364006,Iŋƒiŋitŷ Nation
430432,OCZhq.com
803404,Fire Friendly -[FF]-
24515103,Lit Network
25278793,Dead by Daylight - Sanctuary
10560614,STFU eSports
22384444,z💤
21401624,© aimstar
11641288,CSGOTAPE - Group
9790348,MeackosTV1990_stream_hitbox
27867327,NixA's Level UP Service
28906990,CSGOBETNOW.com - Roulette3561
34771545,Cat Quest II
32089725,SENRAN KAGURA Peach Beach Splash
32989692,CRSED: Cuisine Royale
4062287,VOZer
25708980,CS GO Trading Place
6446386,Sushi Store
6269816,Vikings.GO
26566170,Vo Hox Esports
33165378,Knives Out Boys!
8893146,Ghostalau's Friends | Giveaways
4368513,Bitcoin Traders
28006104,ApeX Profile Design
10366316,Discord App
3002019,nmmmy
7390292,United Federation of Plebs
7311513,Hội những người đá PES 15
38298835,hau u lai left
38021278,Battlefield™ V
29124614,★Xavier✪Gaming★
33684939,aimgod.
6334213,Lỗi Phân tích XML
8665471,Alper Biçen YouTube
10706173,ElementalKnives.com
2744755,Skial
33480851,VALHALL: Harbinger
9597948,We Are Clown
28827412,FREE СS:GО MONEY 50-100$ |630|
4551135,Frosty's Servers~ Baijiaqing.com
8346564,Abidal for girls *
28863285,• Easy Game
11235742,SOKO Leipzig
27747509,✪FYB✪
11847174,my famliy
25737204,CS:GO Trade and Matchmaking
5557257,♥ Vega ♥
5389523,Clock.Gaming
6433073,CWSTAR
27502276,We love Vy
10394137,Giveaways4Ever
25473247,SkinL0vers
10342460,CSGOSell
25488177,♥♥♥♥♥♥♥♥♥.me
2604212,S.Gifts
4985384,Emoticon Collector ♂♀
2598517,[X.Vampire]
11652304,T.w²
42177804,LE SSERAFIM
26604311,Oăn Táp
5286797,Braxton 'swag' Pierce
7467003,XgemStore
32490900,Saigon Real
26278540,Rocket League Trade Group
41258162,Mango Boys 199x
4459135,Alien: Isolation
43544155,ecли я зapяжy тo тoлькo бoгa нe зaцeпит
12086899,LầyTeam
25230790,"Yes, I am a Gamer Girl."
35445914,SilverBroos
7311221,Cop Hong Kong
1619994,Saints Row 2
30668503,A6A.ThanhCong
1786781,SEX WITH ZOMBIE
12040569,maKnoR's Friends
3465981,☻ Search for Friends
8068925,Corona MotorSport
8945350,inArk
2724315,WILDLIONS
23537088,[r✠sade†
9090574,-The Zoo-
25594235,csgo999.com    ❧
7732676,NEKOPARA
29032702,| Legendary Global |
30493005,VGTBLSquad
11386028,CSGOAE
6885595,Game Hot Giá Sinh Viên
6182631,IMBA.GO
6591229,Cloud9 CS
28111724,H1Z1SWAP
9353228,DiamondsUnturned
43474063,Car For Sale Simulator 2023
9677221,Lightning.Gaming
31831520,FaTeGamingTeam
5744167,Pro 90 Forever
32429513,Thế Đẹp Trai
2514786,APBVault
2538855,{(Schutzstaffel)}
10502489,Ha Noi Fun
3782505,Source Filmmaker
39269540,Kwalee Ltd
34184101,Sema's Flowers
3952949,Spore
33513613,deaThwishGG
7071079,[[ISIS]]
27327575,Bets-15x
5866323,ZaRVaD
29077484,FREE СS:GО MONEY 50$ [YY1f]
4538401,Стим сервер CS 1.6
40318739,Goose Goose Duck
35857283,CRAZY ABOUT NYC
6726579,[VN-CLAN]
33070466,XANTARES peek
33395355,Ăn Hành Hội
2885715,SwedishHouseMafia Fans *
36269102,Liên Minh Ả Rập
5090716,Yemen
8177440,Pin Holders
4145017,Steamworks Development
42534818,HẬNĐÀNBÀ
26658568,Uncle Ho's team
52977,Fat kids are harder to kidnap
28192742,McOsu
24365078,Slick Daddy Club
3016775,La Satoryenne
5514939,Furion Dota
9710612,vKGaming.se
6372735,SurfHeaven
42361925,Hallelujah PEEK
5274870,Steam Remote Play
39294792,Tramkamtime
31616314,Laos Pro League
23428213,"CSGOPlant - Roulett, Dices &amp; Jac"
28943257,[$]FREE CS:GO SKINS 50~100$|26#
29040939,VGS Play
4832383,The Farmers Militia
25331019,The Fast Response Loli Crew
24007154,CSGO ♥♥♥♥♥♥♥♥♥Ways
7364091,Fractic Gaming
8628259,stiLLmatic_tv
10137100,#Viper.Pro#TEAM^^
4987388,"Papers, Please"
41319473,ZERO Sievert
22069778,The Hajis
37984127,RusselPeek
32247056,ᴄᴏᴍᴍᴇɴᴛ4ᴄᴏᴍᴍᴇɴᴛ
7265050,VietDreams
25501006,6334
10503036,♞ MiGhtY -
32473053,địt mẹ mày
11542853,Hot Bro's
420371,Hudiksvall
1423515,iBUYPOWER.com
26458850,RizeyGaming
3954187,STAR WARS™: The Force Unleashed™ Ultimate Sith Edition
2715567,257hjf0u257fj0vu98unv
6120715,ｓａｄｂｏｙｓ
25347158,Resident Evil 7 Biohazard
8736616,Raknastir
108986,9/11: Inside Job
10481491,Anh Da Đen Thông Minh
33000309,TALKESPORT.com
32879144,Fractured Lands
39067196,NARAKA: BLADEPOINT - Test Server
4857785,[ 1Hp ] | Vietnam FPS fans.
40236573,TaLangPeek
35812483,DRAGON BALL Z: KAKAROT
9108952,H3sitation Nation
27677003,'NOT READY'
25072399,Faceity MM
3598500,Уникальный base builder ツ
31325814,internet femboy
8675766,CSGOPOT.COM
9590927,Uwadiae eSports
25997444,X   csgoASS.com        X
5443339,Dota-2.Vn L4D2 Group
34044218,♿-Peek
5118188,☜ Night «☼» Stalker ☞
1001678,P3wP3w L4z0r R4bb!ts
27644916,Thiên Địa Hội
6858509,Polynauts
8855714,Elch-Sports | Community
7089525,Icewind Dale: Enhanced Edition
31815982,PathOfCSGO
25764843,Independence for Kurdistan
23683168,CS:GO Gambler Infos
6285299,Nigerian Traders
5594117,julie juliano
17051704,CSGODiamonds
31035781,GameTV*CSGO
29049603,Bandits In Town!
33872248,Defaultiply
4376531,Insurgency
33835554,IQSKINS
29919634,Gao.Rangers
40297240,Little Witch in the Woods
3809788,"CS 1,6 Без читеров"
5041939,-[ShOcKwAvE]- Стрим
5330596,BIA HOI
43355166,Học viện Chạy bắn
6307579,VietNamShooter
8409863,Clit ♥♥♥♥♥♥♥
30321,Hodeskudd
29904760,FREE 1-40$ FOR OPEN CASE \[ire]
25083492,Brother L. Gaming
30765005,PubgGG.com
11334505,ISELLPOWER®
4241366,Tomb Raider 2013
4778592,Dying Light
6112039,HoxHud
2299729,Michael Myers Fan Club
8533883,EPIC . FAIL
10928871,Ich bin eine Seeanemone
2346351,The Creature Hub
28977252,Patate's Level Up Service
6750277,Melania &quot;Gina&quot; Mylioti
36381658,DaNang Boys
11814497,Dead by Daylight
33818373,illuminati Hòn Gai
3077968,Impacted Fans
3684919,Call Of Duty: Sniper Community
33958195,Virgins ♡
30967142,Blef le jeu non toxique
6610661,Grupa widzów Negatywa
126523,disco
23328228,RuchaczeMatkiTarzana
4219364,XCOM-BRASIL
5117422,Japan Clan
1416678,Ålpha Ωmega Surf
2953243,www.cspl.ru
27681110,CS:GO Price Checks
31923494,Muse Dash
26688433,"$30,000+ Entrepreneur Collectors"
5796225,bchillzz
11508159,January 11th
25752092,Arkabeşli
1370293,Cynical Brit Gaming
23302,Saudi Arabia
10015120,CS:GO 200€+ SKINS
34870006,weebware
31270516,Ya h8 2 C it
8380693,TEAM SNYPE
28661549,đi mua cơm sườn
11117432,DOOM
27608663,CSGOTower
32873679,wat doink
34255528,﷽﷽ ﷽﷽﷽ ﷽﷽﷽ ﷽﷽﷽ ﷽﷽﷽
988024,TEEEFFTOOandSANDWITCH
42124504,The Quarry
6080512,Gamesplanet
32553860,Yeuvoreo.net
33232813,The Saintly Hunters
25569636,□   csgo999.com □
35330896,Cong Vien Game
36216226,Battle Realms: Zen Edition
7162189,'RenegadeKillers
28886393,berlinki łysego
28615683,Pornhub vip✔
28336252,Gang Albania $
26620203,Dungeon defenders ii vn
25546474,2+ Years of Service
278532,The KottonMouth Kings
7317705,Black.Wind
1998399,/.ZoZo./ Zombie Zone Portal
24097642,Steady Giveaways
33229259,MU Legend
30197997,NhẫnGiả  &gt;◡&lt;
38873587,X-Fo`
33452507,Game Credits 4 free
10785670,SEA Gamer Mall Community
6593088,Divine Souls
24051492,Cuties ♡
25568124,Jenna's CS:GO Tradebots
33057169,100Kilo //
31564400,Muhos Mafia Dedicated
33240843,Big Hoppers
7210219,CSGOpoker.com
26412645,GAO GANGER
35433979,™Cursed
35036862,Tụi tao tay to thật đấy
35211414,Fall Guys
38033215,【TemplarGaming】
45392114,Bongo Cat
42437706,VEILED EXPERTS
4698561,Official team Storm_Force
32021546,留学生
1440760,Illusion pro gamerz friends 4ever...xD
1660917,In Weed We Trust!!!
45312221,Kr1smiLe1
842572,Autism
9852896,KrabbenfFischer
35830141,Yasama Yürütme Ben
25367645,♚    csgoEXP.com
26909844,Hell_Boys ✪
5255009,roXst4Rstreaming
34695829,Hai La Noii
25847030,Ultimate Profiles
17933416,insaynGames
2554845,Gay~
4774378,MojoOnPC
10277954,Alluzio
28208673,Weaboo Thrower
6260198,The Waffle
39145713,bravo pustiu
12103046,SkinsanityGG Official Group
3527477,FOR BECK.
28801225,YMASY
29197596,battle-go
25286249,Pashasha Club
8796046,CSGOReactor.com
6745615,Saints Row: Gat out of Hell
2949078,Gaming Cyber Club
6525458,글옵 스킨기부!
25969709,Black-Widow Community
26427811,1 Badge Collector
30158015,Maneater
27367514,SKINSJAR.COM
3101461,MalaysianGamer
6917045,Hell | Raisers
26509756,250+ Games CoIIector
5866729,Team Supergeil
1214103,NetCode Illuminati
25287360,Focus CS:GO
6976762,twitch.tv/itzfreddo
39538441,Doll Explorer Prologue
7847886,Top Traders Dota 2
6970573,hArDcOre Mod for noobs
28629528,FREE СS:GО MONEY 50$ [SFH34]
11366232,RUST VIETNAM COMMUNITY
2819476,Über alles.
33582303,ahegao ღ
8564989,Blender
3134472,#VIETNAM
4699372,APCS Group
24795229,Forge of Gods (RPG)
1858772,Xeno Gamers
34873583,muie:
28306112,8-Bit Bayonetta
4262224,SaigonBitches
28293423,☢csgoafk.com☢☢
5210346,Chaos Vanguard
11468157,CS:GO - Super Traders
26800075,★         csgo111.com         ★
26156194,Prince frost
6558289,syrinxx
26796644,L4D2_Anime
32451197,3AM❤
30967084,WoahWhat
25728714,UBOAT
5355427,DaLat-CS:GO.VN
43315233,Remnant II
25772060,Türk Oyuncu Topluluğu !
25549835,ＳＡＤ ＰＥＯＰＬＥ   Δ
9782554,FramgiaDota2
28078512,☆Blur's Level Boost★
5470868,Tom Clancy's Ghost Recon Phantoms - NA
4033282,CJMatosinhos
6347592,Vo dich
11002723,Carpe Diem
4663509,ApocsN
26674494,Халява от EA7
3328781,DOTA2 SEA
11352153,Captain Crunch's +Rep Group
8977771,DonaSpock @ Twitch
6058500,Metro 2033 Redux
26229143,The Walking Dead Group Apocalypt
10507632,Vung Tau Trash
32693273,New Star Gaming
6567486,SexAndZen
8852304,Duck Society
4605232,Tom Clancy's Splinter Cell Blacklist
25241294,♕  csgoEXP.com
10860999,Ways to get free csgo skins
6544245,#EZpeezy
28504300,PUBG Israel
11600509,MODURIST
8610263,Liên Minh Công Lý
42534395,2543 peek
4146254,COH2.ORG
6792890,Dx3
9365512,SNAILPLAY™
6973095,QuexBuex_YT
4264294,Fanatical
5581076,bRo.GO
10153301,-= Pro Gamers Universe =-
4315899,"Raskrutka. Obmen, razdachi"
9984699,Fugl Klan
27859478,Пригласи и забери игру!
8569170,CottonEyeJoe and Friends
28158683,Skaczące Vary
28462805,FREE СS:GО MONEY 50$ [BETS55]
10367513,LightspeedTC
31398900,CS.TRADE
22683266,Klekken
27256527,♥♥♥♥♥.com
27155333,"10,000+ Comments Collector"
29616261,Pub.Stars
35040278,WarZone
4019512,biggest europian noobs
24515184,Lit Trading
27871222,VN-Cerberus
41401,the ♥♥♥♥♥♥
10875926,EROAR
41590940,The Stanley Parable: Ultra Deluxe
25359802,SololoS OG's
7208711,If My Heart Had Wings
30180467,Alex's Level UP Service Best Rat
5821395,The Edge Rust
25493362,FACEIT-FPL
12154326,onFire.vn
25206549,❂ CSGO999.COM
5422167,Flamboyant Mann Raffles
11660256,CS:GO AWP City
2168520,Anti-Communist League
30069173,♥♥♥♥♥♥♥♥♥♥ CSGO stock_i
10752137,Right ►
8725520,♥♥♥♥♥♥♥
28894671,Mr. Diddles Dungeon
30904422,๖ۣۜDark ๖ۣۜKnight
29680610,c4boyss
11198862,##C9CSGO
27504051,gg taiwan
25824240,Gaming Until End
28165817,The Fade Universe
24515435,Skinventory.com
28695584,ARK HighStats Lv.2000 Server
8464534,Asylheim88
28433324,乡 ✘O
11911426,Team Disharmony
32865077,☫VAC☫
26809908,Adobe_CsPro
8796802,[UFA TEAM]
31397146,My Little Treasure
25241443,♕ csgoEXP.com    ♕
27604364,Brawl of Ages
11537277,Yến Hacker
5620507,Russian|Kids
41822531,纸嫁衣2奘铃村
596629,ClanB and Friends
26406555,MinhLoc
5791388,CSGOAnalyst.com
8903569,CSGO Skin Give-aways (SA)
31241442,United Anti-Weebs
4340011,CSGOWORLD.ORG
39773284,hieu thao le phep
1893,Austria
45434646,Quarantine Zone: The Last Check
22549764,✪ Liquid
8633884,BadBreathe
39971052,FireBall-esp
25729269,LootToot
4204297,=(^__^)=
10375959,ContraTap
4574337,RandomRambotv
27879660,り       CSGO-FPS.COM         り
26506111,Lỗi Phân tích XML
9948387,Settodd
3952739,Call of Duty 4: Modern Warfare (2007)
5623304,KuhaPoika
29378096,💎♥♥♥♥♥♥♥♥♥♥ CS:GO💎 eti1wql
3284297,Steam Workshop
29343923,FREE 1-30$ FOR OPEN CASE [41CSJS
8388839,♥♥♥♥♥♥♥♥♥♥.net
3664841,TF2 &lt;3
25887855,Sudden Strike 4
11379482,Team #IamHai
32071487,Super Bit Adventure: Paragons of Life
45157904,Mafia: The Old Country
39263509,World of Tanks
699448,Counter-Strike Philippines
32852796,+w ぷ
4559326,#CSGOFEST
25208042,KeyGiveaway
11603879,The Division Squad :)
30256213,cya at lan
5611562,H-GAMERSNATION
4830567,Report !
3930958,Dota 2 Invites / Gifts / Beta Keys : Buying and Selling
10418749,CS:GO MIXES 27/7 ALL DAY
7782078,GTA Vietnamese by BFVN
14336120,Unknown .
7705402,WhiteTigerClan
26402012,.One.Tap.
10553130,LIМEWIRE
32264652,Duobot - Level Service
36868635,Neverlose.cc
29823087,Desolate
2675466,The 47 Ronin Gaming Community
31208075,PRO EVOLUTION SOCCER 2018 LITE
11286596,DInh™ | GameStore
10831632,Mudkip.Threats
10644861,Sweg deag
5829352,LovePhương
33620156,Devil-crew
9331119,Kawaii betting
2225234,ＫＩＮＤ ＧＡＭＥＲＳ
32967756,Assassin's Creed Odyssey
26121628,Mafyalarxx
2817231,Dota 2 Singapore
3612922,Na'Vi |
10944731,Feed là chính
39362049,XeSarEsportsClub
36122427,Kaory's
9756027,XCOM 2
33806432,AnH eM kHá MưỢt
26616018,StorePromo
10675136,VN-CS:GO FAP GROUP
25392987,CSGO BEST GAMBLING SITES
2144707,BenNghe.Net
27973665,zorlaKOKA Teams
26503480,♥♥♥♥♥♥♥♥♥er.com
5234801,CSGO CZ/SK
35365751,808km/s peek
11432304,Chơi lầy
2140296,TOP.TRACK
34069288,YouMomDog
30269982,Củ Hành
5924834,KTWN
6442268,Group sell key and market item
32499790,kkjoc
28174581,FREE СS:GО SKINS 01-85$ [g3]
6045450,CSGOShop
8921264,GOSatis.Net
11455396,SukapyGaming
29838475,Dark Elf
45650048,CS Battle
25438934,Team Sabertooth&gt;
33977106,Hentai Girl Linda
27629903,Nivq's Steaм Leveling Service
7771617,CS:GO Traders Zone
40513072,Broken Arrow
25007101,Festive Giveaways
32755059,PRO EVOLUTION SOCCER 2019
10390614,AWP MAST3RS
27766371,MafiaDrop
26424524,Society Group
12003582,CSGODually.com
11903216,Lucent Heart
30272964,KWT TEAM
8678735,DOGEVN
30061603,TRADERDOTA.COM|Free 50$ Gift!
4575229,Tast 親友團
25458276,Kars10 Group
11543946,Doo server
30354624,World of Speed
10290984,ByNoGame CS:GO
39389145,Head Mounted Camera
7572798,TF2 &gt; Raffles
5825749,★Đep.Trai★
43567126,Pie's House
45321232,Isekai Sex Boutique
67164,Die Like a Legend
5739218,inGame [Moscow]
23458156,&lt;ZF&gt;CLAN
42155078,Hogwarts Legacy
5718320,The Lolicons
37708732,onlyfans/
27271321,Immense-gaming.com
25730111,RustyRemains
25643838,Otaku Harmony
9751070,CS:GO - Trade Skins
3265516,FC SUPER8
1813511,Natus Vincere - Na`Vi
4620411,Крутим все что крутится!
42683491,EA SPORTS™ FIFA 23
10919278,SixMacs
35201684,ZietKongSquad
17911493,LawBreakers
21443,Sporting
40197614,Paizuri™
9395826,SG-TOPPER
12064364,MixiShop
34286365,Infernum® eSport
5474294,Listforge
8954110,Stonehearth
6459275,Far Cry 4
3050132,Dota 2 Thailand
24758151,Atlas Reactor
25663915,Valor!
6245186,Battle of Rust
41615949,GUNDAM EVOLUTION
9908885,The Reptilian Brotherhood!
44604698,ÀLôii
37017640,Hollow Servers
33317707,DiepVien
6008111,PuNcHeD - Pubstomping vom Feinsten!
30223749,Buffalo Gamingg
31587593,TWICE.JYPE
11500311,Be Like Landdy
26050767,happyderankers
10834922,NinjaKaplumbağlar
45109432,EA SPORTS FC 25
26726458,Omega KKK
26578350,Andronie
32064282,DYNASTY WARRIORS 9
35711658,Tay Teo Gaming
32056994,Choke_Gaming
6025828,[ 1Hp ] eSport
28154446,GG' Hub
8097482,TheZoooo
42949253,Like a Dragon: Ishin!
25795935,ℐ   csgoFPS.com
1756181,Yo!!
11010906,Rustoria
24976966,Tianielol
44470185,Private Dorm Manager
27568749,♥♥♥♥♥♥♥♥♥♥ CS:GO [2-50$][H-9]
8054200,black ♥♥♥♥ down!
6869120,Humble Games
3616260,Love f1nka^
23870421,Badkid n Friends
8547611,Boğaziçi CS:GO
11808082,Pro Evolution Soccer 2016 myClub
30096581,Hanoi.Vortex
16370126,Fake GE
2813614,DotA2VN
11119590,CocoPopSquad2k15
8211393,Zengaming.co
5231115,ｆａｇｇｅｔｓ
2761010,Extreme-Network
3952661,Just Cause 2
4290488,Хостинг игровых серверов Soffall.ru
6077981,광덕
5075090,Hyperioner
38298854,hau u lai walk
11105142,♛♥♥♥♥♥♥♥♥♥♥♥♛
32131902,GeniusDaFace
43625993,Quỷ Sex
10058476,RetributionRolePlay
5966687,Flockers
25680506,ᙢ         csgoFPS.com
35668477,Medieval Dynasty
25904205,I.I
11759196,ChampionS eSports
14769738,台湾#1(Taiwan#1)
33652243,kohal_fafaqFC
27189284,syrinxxSub
10188796,CSGOLotto.com
6824386,SecretTeam
28519136,husobot.me
27715645,CSGOTRADEMAX.COM * 50$ Promo!
3383635,myPLAYAREA
1965423,e-Limited.
22906677,motar2kcaseopening5000
26629391,Skins.Gold
7491537,CôngAnXä!!!
32793575,what doinK?
27476602,Intentionally Cool
3339675,'insomnia
23849998,ScampDashie Best Friends' Lounge
25274054,iBP (Holo) Club
34535107,APE$
44375768,Meadow From Heaven
3386123,Indie Game Bundle
36848262,onet‎ap
5003774,Batman™: Arkham Origins
3402923,Indiegala
11520397,Team Bựa
35149447,vietnamvietnam
7846568,100+ Games Collector
5579589,METAL SLUG 3
4701314,SoG.VN
5789790,Fish_Titties
40705549,Tiny Tina's Wonderlands
10004922,ZzTheNoobSniperzZ
32586044,⋛FREEDOM⋚
8353200,DARK SOULS™ II: Scholar of the First Sin
5250658,The Walking Dead: Season Two
812086,Fans of Criken
30080342,BONUS 1-40$ FOR CASE \[m4d]
34872446,Last Epoch
28449431,- daProblem -
9342595,Boolean`
3952964,Half-Life Deathmatch: Source
10454519,E  V Gaming
38910396,Fata Deum - The God Sim
27605600,Just1337 Studio
5204402,LeveI 250 Collector
27698837,♫                    DOTA777.com
33065839,VietNamHunters
41612066,Nobody - The Turnaround
31579403,Dost Kayaoglu
24193266,🌙 ❤
10738739,Dirty Bomb Viet Nam
28196831,zeeL aka *
7172208,Let me Clutch
25337290,☺    CSGO999.COM
27641410,ಭ      DOTA777.com      ಭ
4172354,Hotline Miami
5519031,The Baffling Good Raffle
5998014,Free CS:GO Keys
7623269,KenkiX
27370430,Rust Sexy Island
34045790,Thief Gamingg
33234008,Cine Tracer
4254082,DOTABUFF
5099081,&lt;--NarCoTiC--&gt;
4872758,A$VP
26828509,Next Day: Survival
32219564,The Council
3821561,Iceberg Slim's Big Money Magic Hustlas
7564252,BigMoobs
9911600,DynamicGroup1
11191120,Homeworld: Deserts of Kharak
33164616,Made in Saigon
28629496,FREE CS:GO MONEY 50$ [MAY5]Q
31276503,RusticatedUS
4461154,Call of Duty: Advanced Warfare - Multiplayer
28049341,Ultimate.CSGO
5798807,twitch.tv/dan2strong
10471315,EQRaffle.com
5758090,Time to derank
3314068,We Love Justin Bieber
29446388,The Initial
275018,Reddit
35016685,AIMLORD暁
10085328,WEEFERS UNITE
6140877,The Talos Principle
33213024,ムSharingan
11013948,RWBY: Grimm Eclipse
48676,Volcano Gaming
8417774,The Bank Bot
8933467,TheRaffleZone
8849791,Life is Strange Addicts
5069890,Vital's Stream
7036328,DDC.GAMING
6502906,GrabFreeGames
26262094,CS:GO GiveawaysNews
11948022,Das #Wolfsrudel
26038634,Team De-Rank Việt Nam
31901516,☁ USELESS UNITED
6953240,Exeter eSports - Dota 2
23377020,Team ZUMA
33586904,Bắc Kỳ T2
7297909,500cc
31789435,RiZeY Gaming
42865091,DB - RR Server
4895034,VOZ.Mortal Kombat
7008572,VietNamShooter HCM
18212,Hong Kong
28493225,CSGOBETWAY.com  •  Roulette32
3043435,♥ Sexy and I know it ♥
28344032,CSGO Blood
10612109,Wilde Reiter
880623,3939
37149182,VINFAST
45274936,Shape of Dreams: Prologue
7606945,Traders Official CSGO Group
11978368,Fitz's Cocaine Palace
27258270,Anh Em No Fear
32336352,Paintball War
8105420,[Lon Cai Ban]
35212579,Rìfund Gaming
1864132,KE_SWISS_FRANCE
29297166,ᴅᴀᴄᴇʀ's ɢʀᴏᴜᴘ
4639623,Dungeon Defenders II
9470735,Tasty Raffles
31873084,PixARK
29092742,VietNamFun
27938143,󠀨󠀨
10576369,Spokoiniy Level UP group
1053232,Игромания
44190768,Sneak Out
2952166,Wangan Midnight Maximum Tune
66044,retards
10755788,SAD GAMING CSGO TEAM
4135744,OpenGriefing
28281498,Estado Islâmico Team
33652213,すかぴーFC
3381077,Counter-Strike 2
28248765,Nacked by Da Nang
31095607,Hero Plus
25807188,CS:GO Clan- und Spielersuche
40753935,miraclegg
37862312,fsdfaada
3802037,Blacklight: Retribution
29727607,Anti-Weeb Coalition
2812633,Counter-Strike: Global Offensive (FRANCE)
8529217,BesPoleznyi
11657884,PARADOXY~BE
8757438,GeT ♥♥♥♥♥♥ FUn
32965397,Insurgency: Sandstorm
27142043,Deep Rock Galactic
26805210,ZenHook ReportBot
8117615,CSGORage.com
10951041,Twitch.tv/V3NoMzZ_
31089028,Team Ultimate CSGO
27372883,Cut Above Entertainment
5705197,Mouse's fangroup!
7188774,H1Z1 Türkiye
5147678,GAMEBUY
26544285,site csgo-happy.ru
28988471,Last Day of June
45308586,chết đói cung nhau
8179419,WTFast Gamers Private Network (GPN)
724683,M!glu's Fanclub
30434450,Cracotte_esport
11605778,TÜRKİYE OYUN AİLESİ
28959008,Anti-Albert Society
28327657,makeouthill.
5280029,The AngryJoeShow Army =AJSA=
25179710,❇  CSGO999.COM
35211325,コイカツ / Koikatsu Party
6468752,Tea's Army
4478436,A-1.:NO[\/]3RCY CLUB
12082107,Everest KZ
28787660,Comeback Israel CI
38279126,SALAM ALAYKUM PEEK
30478057,HarneyDoDo
12183351,duckmepls
22662427,ininal Oyun
9586564,WeMarvel
4879302,Team Solo Mid (TSM)
26537120,AIEL appreciation club
7435302,Swift's CS:GO Weapon Raffle Group
35211521,DOOM Eternal
11055918,✞Bhop✞
34138985,Priliv FAN GROUP
25741703,ᗰ       csgo999.com     ᗰ
36673257,Josaline Özel Harekat
10893227,DBR NI KOT NI WYDRA
3583225,Equipos Counter Strike EPS IX
4520918,Shadow Warrior
9770236,NEKOPARA Vol. 0
6311183,JSOCOM
35614804,nt d0g │
7300121,KínhDâm
26344185,CSGOTurbo
27344330,Police Stories
43222021,"Warhammer 40,000: Rogue Trader"
6045291,Cuddle With Meh
31711203,MissingGaming
27240189,Angry Panda Gaming Public Group
7710346,ST6 | CS GO
26500883,ℝ 𝔼 ℙ 𝕆 ℝ 𝕋
30170233,Ken Esports
25569601,□ csgo999.com
28279908,#mailaanhem
32397156,CуbеrSаmurаi
34068828,CMND
6482674,Stea‏m Collectors
4168661,|Army Rank|  |Online| Servers
8631684,Tấu hài
3533994,TeamEnvyUs
25110300,esportsindo.com
5356312,Dildacorn CS:GO Group
32346331,[PT] ElectricGaming
5594577,South Park™: The Stick of Truth™
29733397,Gấu &lt;3
42025,Only Sex
30314308,Snis-151
4942752,[CS]GoldenSon
25337224,G2 3Sports
27290738,kulboiz
5373005,Harbingerofdeath
27937461,〓2D-TYAN〓 TEAM
6588196,Lolicon Fan Boys
10724060,CSGOTWIST
42975559,Retarded???
3952657,Max Payne 3
41497384,Rile's Trading Group
4938479,LittlePredator
28979177,NL Nederland
3954650,Tom Clancy's Rainbow Six 3: Gold Edition
8741175,DrK # GaminG
36809940,Total Lockdown
9435452,Codename CURE
31734881,ClearMem :: Free Up Your RAM
25300503,Hentai Lyfe
28246756,Animated Star 1
4459058,Call of Juarez Gunslinger
7189754,Thua Nhan Di Cau Thich To
446874,eNVy Comics
32070290,KNACK
27449483,CSGOMONEYS.COM - Free $10!
5888848,TrilluXeLIVE
28475321,Crystal Clean Unterwegs
5940033,Darkwood
27316010,Nova Agency
9867593,IBP/Titan Holo Skin Sales
29338663,H1Z1 Heaven
5369758,Animals ~
27669294,Gethegame
3120587,PIEDS
70979,Counter-Strike Pro Mod
3194499,↘(18+)
26684158,The idol
25177906,✽ CSGO999.COM     ✽
35193301,Gunsmith Simulator
37971424,Esenkent Gaming
32713343,Tổ Chim
4484307,Play-Sell and Buy
1089563,#skilled.eu
7082813,Anime-Grubu
9829265,Subz Serehe(19.08-18.08)
25638687,Mrrr ツ
34366779,tk-fanboy
42627465,The First Descendant
26957490,"CSGOHype,com"
4912195,ŠaiGonßitches
28019292,CSGOMIXTRADE.COM  20% Promo.
7303111,Operation: Covert
19024018,CSGOGamblecom
3951905,CS-GO SWE
9709136,💕 Beautiful Gamers 💕
27647307,ChiLi's Room
33228119,Tấu Hài Gaming 》》《《
3753735,"CS:GO mix,pracc"
8670770,Royal.Club
25981406,F L O W E R
6484026,Sky Mobz
28882581,2467___
3755628,Dota 2 Unusuals
27635812,98 Gank Tem
9177115,:MvP:
25502251,ChickenNoob
30632227,Aimlabs
3716175,Counter-Strike: Global Offensive Vietnam
5323459,Child of Light
859295,The WNxGES Public Group
8797435,*통조림*
9535865,Only the Irrepressible
3399389,Fantastic xodierz
11847976,ℒσg ℋσRizon
39806820,Mẹmàychết
29133705,ejjp's Pointless Group
87813,Mplayer reunion
33312669,Família Pinadas
7075331,| FaZe Clan™ |
41623783,Have a Nice Death
27101414,MadeInVietNam
6036034,The Forest
27956240,LIONERBY Community Gruppe
37459583,Chloroquine
4240296,Tf2 Trading/Raffling/Gamenights
27216259,Marvel vs. Capcom: Infinite
6910474,SIH (Inventory Helper)
6767060,The Long Dark
11369209,Pleper
6472446,CS:GO Analyst + Advice
38100586,Di­or
9768109,RPP
10794912,RainBowT
6938622,Game Bản Quyền - Power Shop
8058951,playpark
46780,Mystic-Souls
1417979,Brandenburger
10333210,Seronus
11442625,ღ♡ ｌｉｔｔｌｅ ｋｉｔｔｅｎｓ ♡ღ
3952899,Half-Life
14729203,casichichroi
1948,fragmasters
7411734,CS:GOSkins.net
10211403,Mix10 ***
5694458,Maxdachs' TTT Server
25322301,CSGO999.COM  ✌
5384896,TF2 Trading / Raffle
745058,Legalize Marijuana
26407432,Prime Servers
6399701,Payday 1K
2526869,CS:S Female Gather
4696852,(Dota 2 Trade)
45604384,SUPER PEOPLE
6092230,Tastick
32646959,Anti--Hack
5365820,CS4VN
31860061,Đụt Team
5749538,..:: ♥♥♥♥ Russia ::..
10012854,Pre-order Club
11349920,Revenge • Family
29096318,Tekken IL
27298231,Бандиты YOGURTA
42440011,Hatsune Miku: Project DIVA Mega Mix+
25096088,Elite Profiles
26467570,K1mchis in Pyjamas
36977558,Ciet đệp chai
72727,les sacoches.
38093696,8_Q PEEK
35491969,Oh My Eyes
5358,Lotus
26179702,Magnificent Profiles
7850917,ZA-Trading
39003807,GiangHồ Mõm
10927268,Skinshoot World
36227957,Prop and Seek
8898359,Rias &amp; Reds - LOVERS
3516358,[VN] Dota 2
43197299,Zold:out 鍛造屋的物語
31261359,DashPanel
10395495,Kawaii!-Universe
37271134,Decision 102
33627724,ACE COMBAT™7: SKIES UNKNOWN
4189262,♫ DJ ♫
6113600,#Hysterics
35224757,𝕿𝖊𝖆𝖒 𝕸y𝖙𝖍𝖎𝖈
6755267,Anime is Awesome!
38283674,Zero Hour
6253886,[VN] Hội PAYDAY 2 Việt Nam
7670797,__Kinh.Nguyet.VN__
28992707,FREE CS:GO MONEY 50$ [iii51]
34690208,Halo: The Master Chief Collection
8321357,[LK] LEGENDARYKILLER
41326735,Traders Compound
25257390,onlinegod
36936004,Bi Huỳnh Senpai
27052476,KZ - VN
2413056,Zombie-Hell
3949867,Fallout 3
29708562,Swole Team 6 #GetAtMe
9894759,Balance Esports
6654557,편의점
38036764,Icarus
8813134,Catlista
5163377,The Art Of Screenshots
11383861,EvilRiverRat ♣™
4011798,CS:GO-VN
27962720,CSGOFisher.com               ⇖
26756247,ᄂDTB Tournamentsᄀ
31433878,OVERKILL's The Walking Dead
28070565,CSGO24BET.com  - #BESTROLL76
6307231,Hạ Long CSGO
10574175,Alias Server Network
7563551,The Bopping Doge
5621809,(Friday Night) Late Night Game Night
31396973,The Rust Game
33368733,陰の者
42281449,DAVE THE DIVER
24705311,EpicMusicVn CSGO
11431133,Guardian's Zone ♛
30387276,24bCoolz9aming
35302477,Totally Reliable Delivery Service Beta
25337004,CSGO999.COM    ✣
25979626,BERCEKEPEH
3952699,Counter-Strike: Condition Zero
7411106,Cyber Friends \﻿ (•◡•) /
6960384,dlhnet
9859944,Liên Minh Unturned
27095677,SReputasi
7445760,Animals.CSGO
32090248,gamdom rain club
26210407,con bo^' Tuan'
5567890,Skurk'S GROUP
25552965,○   csgo999.com ○
4353188,PKR Hosting
10047612,Team Werepigs
42834896,Smsi Family
27762111,♥♥♥♥♥♥♥♥♥.com
33925956,Levigesis
11530014,NooberPlayer
25207007,✲  CSGO999.COM  ✲
25632122,twitch.tv/seborizor dudes&amp;mates
6081717,nxl&gt; Fans Club
8122405,JF позитив сервер
31120659,Gamearn
6625556,Cities: Skylines
31338003,Company of Heroes: Modern Combat
33445087,MỘC LÂM TỰ
6095538,Y.A - Yolo Army
11744056,Dostperestler
12132952,Faeria
27968900,☾☾☾ Wulf`s Private Army ☽☽☽
3722660,KamiKazeMasters
5531565,[WE♥RAINY]. BÁO GIÁ GAME
5150993,CS:GO Giveaways/Raffles!
5616758,Cyzone
3998733,Endlesspower
5021289,RAAAW Aim
33515951,SEA Community League
45266811,Chromakopia
11911456,Gamers Unity of Al-Izhar
34247781,b0b0gaming
10914840,nomikk
25350355,"Warhammer 40,000: Dawn of War III"
8046727,Grimnax
29136746,Cuphead
7870144,[RG]Reach Gaming
30485297,EarnSkinsGG
99234,[Taiwan]Counter-Strike Source
7967344,Unlost ile Oyun Keyfi
29212786,💕💘
29300783,GetKeys
27100979,VikingsGaming&lt;3
12175580,MAAAATES
42679086,shiba trần
820568,Cluj Napoca
4596683,Blitzkrieg 3
33948598,hoag le village
6340921,GRID VN Drivers
26805417,✭     csgo111.com   ✭
33829837,✂ Ɑ͞ ̶͞ ̶͞ ﻝﮞ
6836285,Global Brothers
31278855,Mattbao.Store
11076223,#TeamChloe
678,Friendly People
8052440,CS:GO Price Check
31061025,Power Porn Hub
8351069,Duds-N-Buds
41002993,Tổ Nhism
3390947,[EGU]ADMIN
9696992,Team B0B0
41116610,Cult of the Lamb
6277520,Never Alone (Kisima Ingitchuna)
38100507,G­uc­­ci
35927553,GosuBrustik
1243074,єҲτяємє'Яєѕเѕταπcє
27960787,ɤ    csgofisher.com
11284239,Men of War II (BW)
31511885,csgocasescom
24623645,StudiosRP
1947830,KF4US
37655789,𝓁𝒶𝓎𝓁𝒶♡peek
35665158,Hände waschen👏🏻
6862926,Waifu Hunter
31401977,-gamesense-
33965485,JUMP FORCE
3009004,Saints Row: The Third [US]
9520088,The Weeaboo Protection Chamber
28246762,Animated Star 0
6269906,GiangGiaHuy Store'
6277447,ATTOC Gamer Federation
10718829,Team 60Hz
24797136,This Is My House &lt;3
25737861,SendMeNukePlease
25048816,SingerVN
37126262,Resident Evil 3: Raccoon City Demo 
5043045,E.v.S
25572117,▧  csgo999.com  ▧
3680030,cOLa Team Css
28861507,VN.Invisible
25190874,Radioactive Vegetables
3812078,No Loose Ends
3109269,[XtremeVn]Garry'sMod
2208465,GFL(games for life)
30133253,IZI SKINS CS:GO 20
10429840,XCN - Gaming eSports Community
10292953,Reverse-Flash
3404786,Promogame.info
2012702,Mangekyō Sharingan
25732156,The Turing Test
26709909,„                csgoinv.com
7293695,TheRoyalD3adarmy
7431667,[GFL] Zombie-Escape CS:GO
5290489,Pyro's awesome club-maness of necromancers
6791036,CsgoBetTips
10239424,BokseBanden
25206703,✱   CSGO999.COM ✱
5115552,Steam Family Sharing
4915340,Level 30 Collector
31583075,The Linux Gaming Collective
7425548,'' Sükûnet '' - CS:GO [TR]
36427361,weeboosports
35216875,Twelve Minutes
31827874,AMBULANCE ✔
2139512,FREESHOT
26382221,PA28-181
28091646,MASKIN BROR
4579246,Project CARS
33510716,Street Tuning Evolution
26401899,-OneTap-
43315296,"Warhammer 40,000: Space Marine 2"
9259000,Dungeon Souls
30493300,RAID: World War II
44772093,Incantation
28529799,LuLtus Gaming
26494151,Manh~LongQuaGiang
32784143,8za
7123988,Space Warp
6343054,Pyrocynical
25270918,LaughRat
3714661,Dota 2 Scrims
9911613,DynamicGroup3
12033582,Lightex
25935165,PiquexTwitchers
41691139,ANH EM YÊN BÁI
22337248,Acid Killers
25404550,Blame Gaming
4851873,The BlackHand Order
6890683,#poptarts
9084219,American Truck Simulator
45714521,Hat.Trading
41276988,stfu woman
5355283,doubleAKmasters
57383,Fair Play League
2420740,4played
41623050,Starfield
36810568,JESUS PEEK
11885669,Children of Morta
5026977,Tinker
41565381,Vampire Survivors
38745694,Hyperdimension Neptunia The Animation
28789818,TrillHook
38355139,Atomic؜ Networks
7223981,Vietnam Television
7167848,Mrtweeday's Buddies
24117656,IndiePromo
5946586,Chubby Pixel
5193476,Dota 2 Otaku-page
25293851,csgoWRAP
5042629,Community ID Converter
6633374,Pernille's Fangruppe
30506666,AgencyGODS
36138979,-52˚С
9261397,Colo and Friends
24670458,Team Counter Tactic
33577241,👌😂💯
40457076,♔mercedes peek
27826825,TRADERDOTA.COM|50$ Promo.
29529647,Group Old Man Ez Win
37592678,KukkoroDays
5125580,TRUEZONE
36039596,Oss House
1465909,UEFA Champions League
6697321,Life is Strange™
7366058,S¢rubs
5312136,ゆめにっき
6431136,AmpfyAlliance
32939792,Slime CCG
5637861,Vanguard Princess
25165799,Tom Clancy's Ghost Recon® Wildlands
34060001,ATLAS
31731436,Tiger Knight
9875661,Vindicta!
10784938,tesbj1989
13788320,Leon Gaming
3917913,CS2 Women
25186744,Boo 's Koo' Team
33289937,Steven Universe: Save the Light
10064706,Weekly Giveaways - L!Ke*
4912147,Club adreN
26099916,♚♚CSGOAFK.COM♚♚
7079278,Villain Trading Co.
5558365,Heinz Smells offical
8011362,Spongebob Shop
32400652,Huboo Family
7137228,ChristmasGaming
33135971,B.O.P Baby
53363,Cain's Lair Gaming Community
5316626,Dota2 _Trade_Обмен_Аукционы_Конкурсы
25333721,The Elder Scrolls V: Skyrim Special Edition
9718430,Fight Pug
643280,FOR MOTHERLAND
26116624,Tri State Area
8101206,Painkiller Gaming
3738783,Ҝɑяϻɑ GAMING
3500809,-&gt; υℓтιмαтє gαмιηgcяєω &lt;-
30464756,qLiiMaXz Community
4463781,F.E.A.R. Online
754877,Fans Del Futbol Club Barcelona
10630284,xHoHo's legendary group
32283368,BOLT.gg - Official
7131774,Mr.NiceGuys.
7513597,[~Kawaii~]
3927310,Lineage4VN
619174,CrossFireTeam
11107629,The Masters Engaged
4915341,Level 40 Collector
28683010,FREE СS:GО MONEY 50$ [HDFRH56H]
18964661,Esportscasino40
33558643,★IntensityHvH
7333955,GTA IV Multiplay VIetNam
7670919,Table 7 Rules. Not like Rools! But like Rules.
3207876,Official Trade Center
9939235,BlitzSpanks' Spookz
4697390,Recess Community
28000985,$ CSGOFisher.com ◊
2370668,Unscrup-Gamers
25931605,TIGER SIDE !!
40036533,My Neighbor Alice
31196189,A Total War Saga: Thrones of Britannia
23563220,S.C. Centurion
326266,BORED PLAYERS
7282877,CS:GO Knife Raffles
9164327,No Man's Sky
45558577,PATAPON 1+2 REPLAY
10638607,JasonR Loyalists
27971000,￡       csgofisher.com
5491172,Dendi
42766897,QUAD.CS
28206324,Cloud9.G2A\\
3146752,OLD SPAIN CS
25238841,WorkerPlayers
25549444,◂    csgo999.com
25030453,Sid Meier's Civilization VI
29083195,Disco Time 80s VR
10541655,UstaKomutan TV
5953428,We dont give no fox!
5710118,| Balls Of Steel |
30338010,13󠀡37
5618750,Ya-Ku-Za 8-9-3
8963895,Screen Archer's Guild
28900041,Tannenberg
28154424,GG' Network
735360,Youtube.com
29373650,CSGOGUNTRADE.COM ^  50$  Now.
41212854,AntiLudan
5550122,Instant Reality Gaming
9272664,Have Fun |
31272510,LelyaPlay
261322,booty lucious
8902367,=-Corrupted-=
4049,Team Dignitas
30809734,CongSanGroup
32245460,VN-TẤU HÀI GO
30176025,Reddit Vietnam Community
29269373,Swanky team
25481589,Sixth Sense™
33555043,Battlerite Royale
25577740,xtra virgins
25178636,★ CSGO999.COM
33938379,Elite Indian Profiles
10104477,♥♥♥♥♥♥♥♥.NET
3952710,Call of Duty: Black Ops
8385330,Giveaway Gods
42221530,MoNeoHoi
1757725,boy china
7432579,Frozen Union
11402323,GamerTech-Squad
10058947,Garnet Gaming
33578818,Team Bay Màu
6248967,Chie Game Store
36586905,Thousands of Hentai Games
32989750,RetardedSilver
31060205,i cheat on my main cos im smart
26999711,Lampoon&quot;Family
35302591,LEGO® Star Wars™: The Skywalker Saga
25272374,✲   csgoEXP.com
26636927,'EliteGodz'
7942499,Team Guardianz
29300588,eSports Logos
11970505,NeedFar
10948913,Dung Beo Gaming - CS:GO
28464991,itchio
8084957,kOp.VN
9942638,twitch.tv/minii_tv
900931,End of Reality Game Servers
10205260,The Incredible Adventures of Van Helsing: Final Cut
10497282,Die Zugreifer von Carsten Stahl
9300471,REPEEK ME @ LAN
25992579,Elegant Profiles
31721797,Total War: THREE KINGDOMS
39222591,Best Games Giveaways
1101582,&quot;Dolce &amp; Gabbana&quot;
29118311,Akatsuki ❖
6913434,PriceSonic's Store
36331530,doanxemwithfriend
35093662,Tạ Quang Bửu Cs:go community
2223274,Viet nam
31001248,DRAGON BALL FighterZ
40704661,Lost Ark
9400669,Killing Floor2 Korean Localization Work Group
6944087,Veteran Giveaways
8814852,Katowice 2014 Sticker Club
10019423,GOLDZOR
10640995,H1z1 EU Tournament
28040234,The Journey Down: Chapter Three
26221853,Ahri Fangroup :3
5670329,Russian Five
5721816,Requiescat.in.Pace
44949710,Egging On
44870399,The Czar is Dead
6979246,CS:GO - Pricechecks
38315746,SkinLords.com
44838290,Citadelum
27832036,Counter-Strike Giveaway Skins
12069519,Tilt Brush
6763858,Sakurasou のペットな彼女
28919964,BOT Team Group
2496984,Mistake Pro Team
26081863,CSGOBankers
30417073,BIOMUTANT
30521996,Alchemist Game Store
5975941,Infamous Five
7284864,ELYSION TEAM
11797151,Cứt Team
30930518,BananaFreeGames
31255534,Contraband Police
6771690,Clean.Team
28983168,Superdimension Neptune VS Sega Hard Girls
4675898,Dota2Marketplace
27425539,劲爆大象部落
28940193,Dragonia
3614280,Cyborgmatt.com
38306142,MannaRites
23866613,Anh Em Chân Chính
31026442,Official Atse
37462605,EagleClawTactics
5418893,KREEDZ EUROPE
28056153,Rend
8222074,T-Dog
33308283,csgovn.eu
5313988,Last.bullet
12642649,hype# |
11005225,Let's Trade CS:GO
34313013,gamesense󠂶
5096294,Night Crisis Project
961,Smokers 420
29212692,Mobile Expendable Raid Clan
9377101,The Man Army
25057159,SnipinSewpClen
9630642,Phoenix | eSports
8952984,CrazyRaffling
39838307,Styl Ćpunów cs
9988248,GOHISINGEN
29521382,Edi &amp; His BABE
3822130,Zombie Experten Fan Page
1234921,Team VeryGames FC
27689362,➠AIMBOT
29313883,💎♥♥♥♥♥♥♥♥♥♥ CS:GO 💎 ♥♥♥♥♥♥♥♥♥443
2609018,Fortress of Gamers
5808083,Anime Backgrounds
11174775,CSGOTcom
2797313,Path of Exile
5387297,Dogecoin
1283026,zu krass? ne nur ESL zertörer
26897424,Gamers United Clan.com
32756978,NavalArt
29278970,♥♥♥♥♥♥♥♥♥
11103263,Skynet.BH
10562422,Vortex Creative
33971680,Game Junkie Reviews
5046319,CongoCast
3526458,GRAND^FANTASIA
34821461,♥♥♥♥­BOYS
33250061,zuhn fans xd
25550978,Friends list CHECKER
32920656,Realm Royale Reforged
11875739,my Same [CS:GO Trading]
4056,666
30298785,Dota2/CSGO Yolo Bet Group
135915,Source Surfers
26800043,★        csgo111.com           ★
11604626,Astralis -
27897677,SatanUnder
6810008,Middle-earth™: Shadow of Mordor™
27159750,Legiunea Lui Palash.
5745219,Розыгрыши CS:GO
10595018,#^*Team BoW Town LE^*#
25482368,♥♥♥♥♥♥♥♥♥.com - Case Opening
35296977,AndysolAM Servers
25832654,Ｐｈｏｔｏｇｒａｐｈｙ
23433951,Amazing Artwork Profiles
32901065,de_vailon
1668580,Cyber Sports Network
9090328,1stINA
28180203,Marvelous GA
6532570,NARUTO SHIPPUDEN: Ultimate Ninja STORM Revolution
40280331,Mod-Gewerkschaft Twitch-Deutschland
41520043,Suicide Squad: Kill the Justice League
26064558,Fernbus Simulator
4822177,BABYMETAL
5619692,Aurinkosauna
5647945,Subnautica
33847326,Team Undying5
27621920,~s a d b o y s 2 0 0 1
2655447,Videoyun
1978066,My Little Pony: Friendship is Magic
11932261,Triggered?
11310151,00 Float
11426722,FREE KNIFE CSGO
5008587,HRSERV.RU | HARD ROCK
565171,Manchester United F.C
6248792,Minotaur Gaming
9944555,NASZEHEHESZKI
7682153,Transformice
5384459,SsGames.net
9123891,MüchBergBauan
99156,people with huge ♥♥♥♥♥ and a passion for getting laid
12122702,ＲＩＰＳＴＩＫ
11232565,X-Hitman Corporation
1236960,{420}
7083,Community Italia
18127930,CounterBoosting
32349833,LaoCaiPower
33255249,tummy.
10508829,Binary Dragons
4166609,"Hours Played, Inc"
4673196,Новый СТИМ
6731383,&gt;Faze&lt;
25741773,ᗰ  csgo999.com          ᗰ
27448188,CSGOWINPOT.com - csgobets6
6779738,NasBest
27805266,CSGOBET24.com -     Roulette8
4461205,King Arthur's Gold
41345895,皇帝与社稷·测试版 The Emperor and State·Beta version
5085749,Best Price Shop
12013351,CSGO ONE Jackpot
4823627,S.Powers
27778318,Team HUSKY69
34620704,Leetify
31912844,SeRpenT's kisS
12116716,höpeless
11351979,Troller&gt;◡&lt;
6458630,fELIXSAn
12627217,WASD _GROUP
26361610,Jay's Art Stop
29410959,💎♥♥♥♥♥♥♥♥♥♥ CS:GO 💎 d3e76
9752394,CSGOspinning
43127148,We Lắc
3952954,Batman: Arkham Asylum GOTY Edition
3487257,im 14 years old
42399725,Arma Reforger
9202358,Pro Gaming Teen Vn
11906723,ｕｎｉｃ💗ｒｎ
9129773,csgo-gambling.com
28717865,갤럭시단들
29365337,FREE 10-50$ FOR OPEN CASE \[yjpg
42713229,NewJeans
12137341,Twitch.tv/Aliovch
8742209,CSGO Elite Trade
30131324,[TİTAN_TURKISH_GAMING]™
5212667,IU
595481,RMIT University
34694282,Lil Pero
448346,One Piece
39479461,Love n War: Warlord by Chance
3909642,TF2Scrap
29483756,¯\_ツ_­/¯
18480,UAE
26064318,Divinity: Original Sin 2
4613430,Dota 2 Trade &amp; Sell Center
3634044,Electronic Sport Gaming [PL]
32842799,teamvipprolc
36095985,Paralives
25444333,KingsGamingRP
10438857,PEASY ★
3863752,WV-SOLUTIONS
9902276,PAYDAY 2 12A7 PRO VIP
8548992,Total War: WARHAMMER
42053458,SD GUNDAM BATTLE ALLIANCE
5030249,Thailand-Vietnam Team
9184365,AThırsısları
5378212,Crimson Web Club
27111134,Eyad'Friends
1734279,AGGGRESSIVE
2986384,Обмен играми
1389919,[BIGBANG]
22154512,Rain's WW2 Allies
32898807,SharpShooter3D
38438497,❟❛❟ NONSTOP ❟❛❟
3834452,Dota 2 Trading Market
25175910,Elite Profiles VIP
27814370,CSGOTRADEHOT.COM ^ 50$ Sale!
31286916,XiaoXu :D
23149994,cRUMs
2249887,Gronkhs Gaming Grüppchen
26935041,CSGOSCENE.com
13868,Iasi
39091816,rep4rep.com
9393825,-TehSquad-
3053033,XVe 48th Regiment Imperial Eagles
5826218,Korea Global Offensive League
34218617,Warthox Community Servers
41034836,LAST CLOUDIA
11925151,Asian Masters Private Practice
4695762,Lolita and Stungun
29607006,East-Force
2439922,Aqua Park
23740322,Azure Giveaways
11871202,ｍｅｏｗ ♡
27453017,♣BLVCK♣
31047788,V.Stars
5990162,EZSKINZEZLIFE
5644226,Nextgenz Workshop
666472,The Umbrella Corp
27850661,Dead Cells
31840618,&lt;DARLING in the FRANXX&gt;
4158509,Mark of the Ninja
3946271,PhantomL0rd &amp; Friends
27347571,REX Discord
3414333,Sabertooth Gaming
5575853,Wrong Gamers
3827511,Archeblade
285248,n00bfrag
4541650,(.)(.) boobs
27762890,Халява от Warpath
10088900,►aimbot
2712927,GreekGamingx
4546175,iNewsekai
1942141,Idling Trollerz
10705632,Outlast 2
32822541,Tropa Suprema eSports Club
34398277,mailaanhem
29280348,VlETNAMESE
8861193,The Hopeless Guys
1392312,Mount &amp; Blade: Warband
24673345,GN Team ☺
5652994,Brutus.SG Modded Servers
2467017,Beginner |
36347973,New World: Aeternum
9763254,HigherDimensions
2247974,NoobTube Server
27357984,Azrk
31310500,Scions of Fate
2302973,Life Punch
8760316,Hekis Angels
44252203,dung co thach
45162509,Ego is the enemy
8701,[FURRY]
29363658,Giveaway skins CS:GO 28June 4193
2318485,#PlayIGL
7046667,DRAGON BALL XENOVERSE
25140728,Zula
28445716,Viwu's Level Service
44902898,Vindictus: Defying Fate
29332178,Scammer_List
42892088,Warhaven
11653867,CSGO &amp; Coffee
37681103,Viking Frontiers
32575230,Endless Hub
10977686,Purple Midget People
7794487,Bring Back Easy Trade Offers!
25786097,Preveza.csgo
5466458,Limericks_Kids xD
25817513,ｈｅａｖｅｎ
44972449,極品采花郎
26101496,CSGOFlips
12714572,_NazuL_
11801602,The Culling
2225920,嗶哩嗶哩 - ( ゜- ゜)つロ 乾杯~
38902391,74NTMK-Gaming
27694511,Θ           DOTA777.com      Θ
33691,deviantART
25095420,Motorsport Manager
33018174,TEAMUNESSCO
24318198,ILoveYouButICan'tSay
25694322,St4ckGiveaways
28221810,🌊💕
6306726,Unturned VN
7296279,Steam Broadcasting
29311459,Bu lon` thue
29145483,Metro Exodus
38160659,Marinov
25579642,SFV Beginners Group
35359444,Langrisser I &amp; II
7610480,MyladyNiffonen
11095439,HỘI NHỮNG NGƯỜI NGHIỆN THỂ LOẠI
28344924,S.K.N. Network
31217589,Ninja In Lead
4806262,SDG e.Sports and Friends
4410553,Hardstylez.de
9238590,SirAlexander's Club
25925980,El Ninja (Beta)
33524146,l͏oli gang
43016624,IcebreakerGames
8565085,[SVIP]
25940351,CSGO DoubleUp 48
12079256,Skinspeed.com
9984159,Elsama is Love
4547868,РОССИЯ / RUSSIA
35233241,Dota Underlords
9964512,Kisasääski
3949340,The New Steam Community Beta
25409791,SKIN.IGXE
18961521,Esportscasino33
27488108,Wolofs Royal Sharks
10794758,重庆少幺爸
33148565,Unblock: The Parking
25370537,Heaven Gear
1203005,GVN-Players
44324480,robtrade
3524303,FearSC-Dota Stream
25653653,LẦY
26773338,Rocket League's Trading Group
28934479,Far Cry 5
32747805,P90 FORCE
11455014,♥♥♥♥♥♥♥♥♥♥♥.com
10064374,Ark Survival Evolved Indonesia
5178981,Dota 2_Trade
5080300,Coupon Dumpster
31780790,Two Point Hospital
27525755,LootCase.gg
10398324,Girls are Awesome ♥
8597930,Call of Duty: Black Ops III
43407571,Farlight 84
11518737,►Cloud9
44225443,Dragon's Dogma 2
12144483,Max Caulfield 4ever
31859042,I'm not cheating you're just bad
5218533,Sniper Elite: Nazi Zombie Army 2
25678795,bookoo Gaming
2018656,MCML: The Original
38157048,Tell Me Why
10221781,MercenariosZ
38410937,✪ MegaZone ✪
9668867,CS:Source Lovers
38098234,Coral Island
12113972,Novmeister-CSGO
25240587,❀ csgoEXP.com ❀
16394679,Free item$
9115348,Разадача вещей CS:GO и DOTA2
28199699,CSGOBlocks
9177062,•Envyus•
27058160,CSGOPeanut
4885770,1v1 Dota 2 Guild
4016748,GROUND BRANCH
25510909,Lunatic's codes for FREE MONEY:)
24570850,_SIEPROPLAYER_
6765560,▲Illuminati▼
32741944,Swag Divine
32091497,WHAT THE GOLF?
26944938,The Walking Dead: A New Frontier
33314507,dai$uki
7074348,Kins0's Payday2 Community
9030743,csgobetting.guru
43985347,Pengent
5987066,ETS2MP Japan
35747948,RockyRust
40058664,Du dårlig
5516010,Ninjas іn Pyjamas
25409359,IRONPRIM
29654910,CSGOBayo.net
9745614,Chu! Bam! Pow!-ers? Powers?
3985595,Dota2 Lounge
5758042,Owned by [M!4u]
6160397,CS:GO Good Traders
55002,Major League Gaming
24286154,Gladius Giveaways
5783773,Dota2wp.com
27517283,{XXXTENTACION}
10320380,SamzYT
29624062,✪ Hoi Tam Hoang™
1719785,No Noob Guns! Lobby
4964170,Lỗi Phân tích XML
7901276,DeadHeXX
9980421,足控袜控最高！
28738667,Gaming it's my life
36255049,Substance Painter 2020
8995070,Ayu's Friends
37429691,Intro Boiz
29701411,DE Clear Mid
4601717,-TheFreeWorld-
30105118,Akat Tactical
9918593,WARMODE
28613752,SkinBoost.io
3952794,Battlefield 2
26350088,Katowice2014SkinPriceChecks
26503992,WE$T SiD3
26062017,The Doraemon Cyka
42064908,Solarpunk
36120704,Quán Café nhỏ góc phố
39557090,bipolar aim
4643562,Nova Prospekt YOUTUBE Kanal Grubu
9703436,Stellaris
9869,IGN
27249454,Classic Offensive Queue
8820652,Die Mongobongos
4505881,Epic Buddies
38018047,Bay Là Yêu Ngay
27723024,♢Mythic♢
28766388,GreenHouseNet
4412788,oczvn
6018854,TeamBiceps
34367141,neokkers
42136448,Team Tilt Proof
2469791,kRYSTALs Friends &amp; Fans
30502548,CPC-TRADE
10615184,CS:GO Player Profiles
7582899,#LAN#PARTY#
10141695,Squad
6926187,FàZé
7234843,LoungeDestroyer Official Group
26542738,CSGOTitan.Net
36230004,Syndoria Official Group
4992205,The Newbie 3
27846682,real group for real white ♥♥♥♥♥♥
32297093,P1-Gaming
362001,100% Achievements Group
28335839,Showbiz VietNam
7819301,Assassin's Creed Rogue
3263993,DOTA 2 VN INHOUSE
33459075,Sekiro™: Shadows Die Twice
9173192,Hüseyin''MGS''Kırmızı
42987818,Marvel's Spider-Man: Miles Morales
6330050,EviL ExeS
4859577,Deadpool
38626096,Warhammer Age of Sigmar: Storm Ground
38030845,VAIL
5097463,Absolute Monster
39051959,The Gaming Merchant
8816209,FİREFALL
8381808,ProHunter_Team ︻デ═一
32891558,ONE OF THE LORD
32469160,CheatersNation
36259105,Biet Doi Chim Canh Cut
6573715,ツ~Kawaii Desu~ツ
26878512,+REP  COLLECTORS
4931303,[vOz]_Dota II &lt;Team * Legend&gt;
26585798,climbLOUNGE KZ
33694987,gay4liazz
41703419,240km/h PEEK
4247378,WarFog.pro
6913531,Sleeping Dogs: Definitive Edition
6803978,Cộng đồng Việt hóa Game
40733153,Dreamcatcher♥
1967857,TO FACE
5322122,Jimo
1034261,I'm proud to be a Muslim
8379548,KALASH ARMY
36105820,VN-RageNation
18945363,esportscasino29
26786409,Captain woozrurts avengers
6767957,xTcR CS PopSquad
32967712,Lỗi Phân tích XML
38059420,DEEMO -Reborn-
28944637,Ex6poN_TV
35972520,7749.
81518,Deutsche Bahn
1620000,S.T.A.L.K.E.R.: Shadow of Chernobyl
10501535,OCZ Storage Solutions
4589137,HIМIKELLSERV
6764516,CS  GO TRADE
37979925,Wild YRN
32090717,GutsOUTbyTheBUTT
29214194,💎♥♥♥♥♥♥♥♥♥♥ CS:GO💎  FE8
8426658,Imba.VN
3919253,TF2 - GIVEAWAYS
4915345,Level 70 Collector
12674255,Jakarta Juggernautz CSGO
9549959,♥♥♥♥♥♥♥♥♥♥♥♥.COM
3311975,Iris and cs friends
36331406,Những Ông Trùm Cs:Go
11689993,Rocket League Asia
10222499,CƠN**GIÓ**MÙA**THU!!
31492640,60hzgods
36350698,Atelier Escha &amp; Logy: Alchemists of the Dusk Sky DX
30702927,Real ♥♥♥♥♥♥♥♥
29164952,CS:GO Raffles Rewards &amp; Giveaway
33076667,Brauhausfest
23645541,WildStar
43136017,Summoners War: Chronicles
11452956,Silver Eğitim Kursu
30566654,Best Toxic
9842068,CSGOBrawl
17810666,☁☁Akatsuki ☁☁
5282246,THE ORIGINALS ~
31666324,RageHax
4836156,Injustice: Gods Among Us Ultimate Edition
5497062,GlassButterfly
12423832,Reflex Gaming | CSGO Combat Surf
34060211,Mortal Kombat 11
26954421,☕️ &amp; 🚬
31193330,Rip Assault
27720395,AUS-PVPx20Gx20Tx100XP
5164913,- Raffle House -
29286768,CS:GO Thunder
25206204,ツ  CSGO999.COM  ツ
7495360,Head. Fans &amp; Friends
26210968,☂☂CSGOAFK.COM
22869257,a  e  s  t  h  e  t  i  c  s
27141379,"2,500+ Comments Collector"
26944774,Kumamonくまモン
8475540,- THETITANS
8685082,The Swag Stealers [RO]
4458555,No More Room in Hell
38211893,Baiting is my Religion
42498459,The Callisto Protocol
4091809,Pi Alpha Phi Gamers
5885034,Brawlhalla
5957928,80+ Club
4056564,Counter-Strike Ставрополь
9193736,Katowice 2014 Sticker Collectors
4834659,FlipSid3 Tactics
30408828,FINAL FANTASY XV WINDOWS EDITION
3412828,Who's Gaming Now?!
38738672,☠ - V.A.C - ☠
32784164,010*
36311922,Lỗi Phân tích XML
4459067,Rocksmith® 2014 Edition - Remastered
33592511,World of Warplanes
26308198,teamcontho
29919550,NeverIands
3768796,Армия 18+
33285565,NoBrainGang
9799898,"I'm gay, suicidal and scared of clowns"
45494704,MOBILE SUIT GUNDAM SEED BATTLE DESTINY REMASTERED
39144095,𝔽𝕒𝕞𝕚𝕝𝕪
26751984,the Detachment of dark friday
26695630,Void Reality Gaming
12215515,Kaitark
40040727,We Were Here Forever
44296249,Summer Clover
30857018,Sprout Esports Community
12738109,SWAGTEAM69
27689406,➠BUNNYHOP
21586183,WildWestArk
11592864,kittyyyy
24615143,♛T-ara♛
27362118,Killcase.com
4948756,Xtremezone Events
34601022,Helios Gaming Area
25709825,AW Exo Zombies
7016982,Cloud9 VN
11390867,Anime &amp; Chill
7096955,RAZIEL [J] ARMY
9730131,-Gangsta.
2896210,PwP의 대리구매
3045915,CyberSide Servers
6991899,Kyoto Ghoul
5673481,VanRust
25179564,✥   CSGO999.COM
28625161,Johnny69 Squad
4577387,Enhanced Ste@m Users
9488306,Beat the Odds | byMake's Betting Predictions
27767129,Ninja Lead Gaming
938619,Left 4 Dead 2 PC
28391504,Hell Let Loose
32401553,Keplerth
10774874,H1Z1Exchange.com
594626,=EVGA GAMING=
5675309,1954 Alcatraz
27819140,EXFRAG.com
7964730,FMPONE Map Testers
28387153,CSGOWish.com
7383086,WonderPeeps
35354651,B U C C I
7506634,ESEA Asia-Pacific
45543016,CS:Legacy
26892283,Tuổi lồn sánh vai
4305696,BESTOFEUROPE.csgo
3082,Netherlands
27127352,ArischeBruderschaft
34376951,Shroud fan Community
39831036,Enderal: Forgotten Stories (Special Edition)
24686467,CSGOFifty
7219617,Block N Load
30521430,Aspire - Competitive - Sniping
27755380,Tiger Knight: Empire War
25306992,AnimeTVN
10630759,Joe's Killer Kangaroo Kubs United
9160616,Crossadia
33660248,Alaskan Road Truckers
35674018,Destiny 2 Official Sweats
38221605,Furiousss Fanbois
26407442,Heart.TF
28297782,csgoafk.com☠☠
29085131,wyred.
6282105,Firefall
32397832,Artifact Classic
26528111,✧Aalcoin Hustlers✧
18196340,CSGO MASSIVE
35582362,LUSUS.PT
1055390,TF2 PropHunt
10877623,Unnamed ☀ Friendsღ
33553948,sunshaft
5031737,Divinity Roleplay
28798711,The Feeder Team
25353854,iAM Organization
8995823,TeamPlinguin
10527477,Payday 2 - Việt Nam Brother
28181870,NoHopeForThem
33091550,Call of Cthulhu
9789643,CS:GO Viet Nam
10639590,Archi's SC Farm
4741524,VN-CS:GO
9272616,AnonymousVN
25883387,7 Màu Team
27429263,DeRank Non-Stop
5246928,eMatch
7247750,Garbarius
28375778,FREE СS:GО MONEY 50$ [H6]
23850367,I ♥ VietNam
27210948,91Lounge
27576941,𝓐𝓷𝓰𝓮𝓵♥4♥
3479314,Legend Of VietNamese Esport
34212365,BANVAILON
11311675,Ez#Kappa
7344793,Ori and the Blind Forest
25940842,DERANKERS&gt;
25546660,11+ Years of Service
4640953,SUPER SAIYAJIN GOD
25174625,Four Horse Men Apocalypse
45131990,Fate/stay night REMASTERED
24759264,Youtubers Life
34113168,Than Dong Dat Viet
21815227,Elite Hub
37223507,my banana long
9566006,zZTeam For FunZz
28194993,KossiBot
6797516,"$10,000+ Collectors"
25933200,summit1g on twitch
28393958,FREE СS:GО MONEY 50$ [H2]QD
6914362,The PewDiePie Collection
3544065,REMOVE KEBAB
29238113,Blue Level Up
32147697,DOGE-VN
26282906,SOCIAL APPS
7822644,BujMiPałer
3094919,Không Tính Toán
40723180,A Plague Tale: Requiem
680484,Muslim
34709807,Gaming Better [gbetter.net]
2540912,Faze™
24355049,snaws artworks
22274904,◊  CSGOFPS.COM ◊
26758345,Left 4 Dead 2 - Viet Nam
10676676,CSCentralYT
4429615,Bukkal GanG
18551104,Bilingue CSGO
35250899,Cumbè nVidia clan
4818790,Black Ops 2 - 4D1
1749461,BRINK
10850151,CSGOWild Official
8070467,YSM Bets March
25662389,Dwight Lives Matter
6790443,drunk stoned scheißegal
35022669,Lords Mobile: Kingdom Wars
6274793,Samurai in Kimono
45564297,RuneScape: Dragonwilds
12657342,♥♥♥♥ the Sully
4871873,Ong Gia Gaming
335424,Counter-Strike 1.6 (CS1)
35745748,TamBietElo
29702573,Payday Community  ψ
9765926,Mafia III: Definitive Edition
3283049,nAv Gaming
11501045,vitu hyvä
10548248,Aleyna &quot;MissBroke&quot; KIRMIZI
27738092,Vietnam Community
33940901,BODOIMANG.
28259987,CSGOTRADEFLY.COM*$50 Gift Code!!
24387041,Tai Trâu ®
7490395,Dota2Vn Trading Market
7130386,GayTeam &lt;3
37017689,IUsocute
878342,BELGIUM-COMMUNITY
28419599,Bayonetta
17641510,Gratech
31029202,Sword Art Online: Hollow Realization Deluxe Edition
29385163,I'm..:
7381760,Town of Salem
4459746,Total War: Arena
3199038,Traders Guild
2107915,ClanB @ 2005
7534161,Engma Csgo Premium Bet-Predictions
34614222,.*･｡ﾟ*☆
10407455,Feed xong ve`
7155093,MLG Playz Team
42307103,tropes
7969059,Team Made in Saigon
7551808,Heroes of Might &amp; Magic III - HD Edition
25784437,Hacker Evolution IMMERSION
31109338,LTV.CSGO
9557863,Раздача вещей CS:GO ( Каждый день )
3213146,Anime 1.0
25111550,infinite✪Power
39807024,Summer~Life in the Countryside~
30309678,Lift's Stream Team
6858478,Source Engine Games
8612840,Daro235
4915333,Level 10 Collector
29386899,💎♥♥♥♥♥♥♥♥♥♥ CS:GO 💎 3om8y
5793658,DINOSOWER1337
28161617,Team Viet Cong
6071115,Aces.Gaming
11872960,DreamHack Masters Malmö 2016 Asi
2320197,Dino D-Day
10787820,Team CUBUZ
26028293,STEINS;GATE
29011359,Indian Tekken Fighters
15358,♥
8540381,Yeah It 's Me
4992253,b2W.Vietnam
26616077,GroupPromo
10557135,Khế Team
7922135,Free TF2 Giveaways!
204152,Moscow Gangsters
34236638,ONE‎‎charity
3739909,Shädman
7530685,Bravado Gaming Official
32835102,DARK SOULS™: REMASTERED
9561662,Pacman's FREE Bet Predictions
5952095,GRID Autosport
12064523,Talha Aynacı
26291595,SHENZHEN I/O
3078999,HSP.HK
27487115,Community Admiral Wolfgang ♡ღ
31014526,BDSM: Big Drunk Satanic Massacre
3844564,X NET SERVER
7191574,Spiti's group
4559793,DotaFX
8751103,The Ajaxx Army
11688339,Keith's gameshop
8301075,GüneyYıldızı
4478934,Level Gamers
5057787,Lizzans bros
2852173,[VN]
32528085,FC Zero9
8888903,WeLikeBigBoom
26323383,CRATE.GG
8845381,UAE CsGo Keys and Skins Shop!!
31341727,RobloxElite
31013613,World of Warships
5065169,&lt;3 IU
570641,AwP team gangsta
11223435,🗻🌠
39272586,Khuất Gia
5269300,Al_x Giveaway
2193419,ÅlphaΩmega
2102896,MANvsGAME Community
11556459,The Russian TV
31255098,Ring of Elysium
11994934,BTCKEYS
11856401,That's Game Bro
4056139,Big Picture
30806532,Nioh: Complete Edition
4960498,Level 190 Collector
3952767,STAR WARS™ Empire at War: Gold Pack
8736890,Dylexa's Community
26456325,APEX CLAN💪
7307617,InfernoFire
32139174,star kid
3560841,MrPaladin's Pals
3715825,Infblog
29384885,Silver eSports Squad
11197137,Kirby's Club Of Fans
5829088,GeneralMcBadass
2189884,Teh PewDiePie Super Awesome Fan Club!!!
26919316,Zubat Fan Club
23051360,Failed State
10810550,Team_Kattmat
11991689,FD ʚïɞ Team L4D2
25358940,Dead by Daylight [DE]
4222151,Call of Duty: Black Ops II
28217153,最喜欢
27041073,SkinSilo
4458711,PAYDAY 2
26527813,Old.Lastbullet
27847052,The Unstopable Force
27617759,g8z Republic of Gamers
18569861,Free Points of CSGO hazard sites
27661037,Tank-Ruột
6281279,Robocraft
11590418,♣Epic Gaming♣
44056734,The Last Orgasm
32966738,ХАЛЯВА!РАЗДАЧА СКИНОВ!GIVEAWAY!
4826217,Dota2 Super Traders
5403783,Just Cause 2: Multiplayer Mod
35843073,NZPlayers
10814133,ToHieu CyberCore
9239254,TrostesQuatroBoogie
27726198,Gaming Marco de Canaveses
40333548,địt mẹ công khai ae tao mập mờ
27190084,DOTAx2.com
26027958,Landstop A.K.A Pisos
11444511,seeQu | Community
4960495,Level 180 Collector
23912030,KeyVendor.net
4741535,NARUTO SHIPPUDEN: Ultimate Ninja STORM 3 Full Burst
2826337,No ♥♥♥♥♥
26398157,Lop Hoc Tinh Thuong
26752883,Dominatorii
8508641,♕♥♥♥♥ .|. Logic♕
7590386,CS:GO Elite Traders
3871156,The Witcher 2: Assassins of Kings Enhanced Edition
7871885,Original Curators Group
10752145,Left ►
4084322,Marceline and the scream queens
32839591,BabyGroot LEVEL UP SERVICE
25167376,Insurgency Competitive Testing
6525190,Халявные Игры
26586644,Blood.P Gaming
12059493,Good Games Giveaways &amp; Reviews
25505672,DEMIK's Giveaways
5114642,Team Light
7988101,#AIMWARE
30959522,WTFMONEY
12104010,Overcooked
17207098,Deadbreed® Official Group
31733772,THBC Clan
34859076,Deviancy Servers
11810189,TrickyTim
4893905,BB.PRONION.RO-OFFICIAL
25052068,COMMEND ME ✔️
6584698,KDG Crew
25064948,Blue Game bản quyền giá gốc
23954906,Deduction's Review Club
25405951,Games-Town
5779114,*Virtus.PRO
26002024,†~We Love Manga ~†
28860496,FREE CS:GO MONEY 50$ [l4k]15
26749061,S.Bitcoins
7429826,GamePlan.tv
7922153,Smooth NiNjas
12086953,MuddyTeam
40616354,External Guard
35842323,#VNBC
3437583,Pink Panter und Freunde
24041568,TeamX.Dreamer
27746127,Bengali Fighters
25316130,DT Betting Group
9994911,Woo.ja's Minions
7396818,chaseyadreams
29227270,ESports Club
37942853,Party Animals
42536301,FINAL FANTASY VII REMAKE INTERGRADE
32899887,Sevinc Bot Service's
5673320,Slut Jelly
28757880,DDKio Bot
5501177,Мониторинг Розыгрыши
1556662,Star Wars:   The Old Republic
8483569,SkynetGaming.net
31391653,♥♥♥♥♥♥♥ GROUP
2911252,Minecraft VN
6432440,KennyArmy
7635769,"Ain't no Penis, bro!"
27203370,Loot.farm
38023875,Stray
5931628,MulticulturalGamers
6582260,Abuse's Hunting Brigade
9849756,H1Z1 Yss Squad
9100674,Eternal Senia
36217528,KATANA KAMI: A Way of the Samurai Story 
2063995,MYM Official
27253970,Gang Gang Rari Gang
35417007,RetroArch
4790508,Dota 2 Good Traders
33620797,Thiếu Lâm Tự
25120958,Apex Prime Gaming
6372880,Team Amazing Mercenaries
28596218,Call of Duty: WWII
3284917,1st.VNZ
25569542,ppleater Profile Designs
27381402,♥♥♥♥♥♥♥♥ Official Group
5680100,ReVolution - Community
31861693,Derank Teammmm
36130336,RED DEAD REDEMPTION 2 POLSKA
4114801,=Gampter Servers=
1895170,Lỗi Phân tích XML
42812220,Sea of Thieves Aim
27429380,Zeed и Медвежата
5576276,EastForce
6837472,Dota2Lounge MiddleMan
4290589,Sniper Elite: Nazi Zombie Army
11529429,富樫
30112512,PT:GO Community
4429545,P@R@DISE
6538832,Nak.
25179423,✤     CSGO999.COM
396575,BigBangCar
7795563,GameLicit
26853248,Ricola Offical
9237800,CSGODices.com
11139720,SpEHSSMehreens
2214606,Keks Armee
31820322,U23VietNam
4793124,Dota2 Việt Nam Inhouse
31303539,RainbowSixSiegeHanoi
11224307,NsSkillllll Live
3111369,IceFrog
30952241,Đội Quân Ú Òa
26916900,losschoke
44596525,Be2k10
27727146,Dazed's Level Up Service
26947517,Detention
35738837,Missä isäni on?
7846546,5+ Games Collector
28799555,TOXIC GAMING VN
10416390,bencileyin
25962419,Cocoon.eSport
4229770,Hotline Miami
42772348,liet gang's
49751,Colorado
10199136,Stryju_PL
37862308,dlkasjhdikola
3953650,WARP
3511832,Serious Pants Gaming
45235364,SEX Amnesia - Lover Sim 🔞
6131903,[EU/FR] Rust'In
30692460,Solo-Queue
6201297,Shovel Knight: Treasure Trove
40075901,Camping Simulator: The Squad
30187538,JokerGames
38906584,Niars Group
26974395,YAM.Gaming Center
6586424,Fluffy Bunny Army
4957707,Background = You Card
25739414,CAX_CAX_CAX
39190007,NúpĐuĐe
7538272,CHO DIEN
27626107,SuckDick Gaming
3952758,Total War: SHOGUN 2
3205904,A Call for Communication (Half-Life)
5010274,"Love, Friendship and Kittens"
10773469,ShadowHowL
32458830,TDM_Jesus's Trade Up Mafia
2114729,xuanhanh1970.servegame.org
3170508,&lt;&lt;No-cheats THE BEST&gt;&gt;
1112176,One Piece Fans!
27696189,CSGOTRADEMAX.COM|Free $50.
5212459,IRPG whitelisted group
40785364,SEM Silver
32185619,DikkeNosso
3585281,Lỗi Phân tích XML
6655081,Elite Vietnamese Group (EVF)
36025543,partyteam3
11798839,A2KL
25747809,Friendly CSGO Group
43838083,*GPlay
15626890,CSGONasty
2234726,SENNHAISER
41823730,why do indian thing
30442987,Frostpunk
36579594,♡⃤
32975017,C4 On The Street
10150691,Metal Reaper Online
28179153,ViP Profiles
9969220,Scoob &amp; Friends
8744479,Space Soldiers Official
10958566,Jaxstyles Skin Shop
7396590,heavy star
48270,insilio
12041038,WeMadeGorilla
746716,Edmonton
30422888,Bunny Level Up Service
31292298,Dragon Hunter
2364802,TAGADAA
9015078,Flash And Blood eSports
7305821,StarMade
32783742,Phương Ly em yêu
28247921,FREE СS:GО SKINS 01-85$ [u5]
27673197,SLIVER.tv
3929701,Team Fortress 2 Lottery / Giveaways
5567422,NEEDWEED-COMMUNITY
2021057,KiduX Fans
2927230,only crabs
6139533,Warface: Clutch
30410868,Texnoid.tk
30893811,M l G O S
40299679,Baapie Knallers
4886993,Blu-e.Foxes
37926018,Phàm nhân
11458553,Cătălin V. Legendary Army
16294,Hacks
35770322,The Jackbox Party Pack 6
3952877,Tom Clancy's Rainbow Six: Vegas 2
2799102,SK Gaming [www.sk-gaming.com]
27599019,♥♥♥♥♥♥♥♥♥: CS:GO
10101455,viRRE CSGO
3712976,☭ CCCP
29920307,GIVEAWAY MONEY DOTA2 100$ q5c
8729288,ARK: Survival Evolved
30367893,ｈｉｋｉｋｏｍｏｒｉ
28624801,Ninja Vietnam
40033268,Frozenheim
27316112,allakanvipangahej
34709272,Conzor fan club
37355981,Shop Titans
34457243,(Thắng)
25178858,♔ CSGO999.COM     ♔
22065591,CS:GO-VN | Just For Fun
27910584,Cong San TryHard
27627357,BusCu.
25741337,(灬 ＞﹏＜ 灬)
36052918,LVL10BHOP
8250256,HanoiAnimals
4649059,Company of Heroes 2
41087618,Game Cực Hay Esport
6055539,Clock.GO
34012997,Hell Let Loose
6349999,We love bran_salad
11128914,St4ck
27309386,⎈LoadControl✡
28263457,NYKS Friends
26872730,Boon and friends.
29245296,RICH PEOPLE ONLY
25349546,www.twitch.tv/average99
26423286,Community Legends
12030865,DevelopmentWorks
5025788,[VN] Payday 2 TLF
26050679,GiftyBundle
3948077,Awesomenauts
5027461,DA ZUCKT NICHTS brudiiiii alles legit
3151,cheater
28406045,FREE СS:GО MONEY 50$ [H2)SVX
7390365,AKIBA'S TRIP: Undead &amp; Undressed
40697820,Battlefield™ 2042
25045772,Seven: Enhanced Edition
26671688,Katowice 2014™
6037482,H1Z1 France
22546221,✿  FREE GIVEAWAYS ✿
21982034,Delta Gaming Masters
29861354,"Warhammer 40,000: Inquisitor - Martyr"
4945065,Number One Gunner
25699305,ᙢ  csgo999.com            ᙢ
561594,뉴비는 늅늅하고 웁니다.
44407453,MalaysiaL0ser
34951971,Mental Gebrochen
11538448,HerculesGaming
7331815,Fnatic.TL
29599716,Leaf BOTS
36745686,fullcocaine
37295600,Sea of Thieves
33214930,The Cycle: Frontier
28890600,ArgunGiveaways
29049761,2K18CS
39212801,Tactical Otters
32540212,Sunny diego
4960501,Level 200 Collector
4407044,Viking Community
5940724,[All Makt Åt Tengil]
28380216,Key Champions
7401291,www.twitch.tv/virtuslol
10963073,Tolunay Ören
7482618,Likainen Kärkölä
26174375,French e-Sports Staff
25298994,Conan Exiles
10776727,N7T-STORE
39268698,27 Xuân Xanh
33305641,℣
6835324,Don't Starve Together
31424461,Instant-Shock
7547810,Ultimate CS:GO Raffles
29653746,BlueTigGaming
2296497,U Wujka Adolfa
45551505,Sudden Attack Zero Point
8842482,The Global Paradise
1775754,UnitedOperations Community
6519154,Cloud9_HyperX
25539033,Intel Core™
25837910,♥♥♥♥♥♥♥♥♥
9485210,Imba.Unturned
34457460,Mất Hết
35209065,★DORAEMON STORE
29598104,WackerSwagBoys
31674585,Asss Team
31930769,-1Tapps-
26780265,♥♥♥♥♥♥♥
4962850,Kiborgik
39705576,Cứ Thế Thôi
27165662,Team SUPER SILVER &gt;
39315999,We Are Number Three
27976298,El'Lama
6970342,CoreGamer1985
5620474,Betting
26698313,ʋ            csgoinv.com       ʋ
29289003,Frontline Heroes VR
1392783,I ♥ siro
1593965,APEL MOI DIEU ! BiG-Up
9630062,CSGOICE.COM
9845301,Dynasty Gaming CSGO Germany
1583966,Gamers United Australia
25096865,Cannabis~
6542247,High Explosive And Friendly Fire
4005577,PlayDota.vn
32564802,Zero-9
33371462,-Revolution™
6250352,Comunidade Jogos Brasil
25887653,29-B1
615602,ESL - Electronic Sports League - ESL
11175317,DouyuTV 老梁csgo
3551807,Team zEn|†h
11000704,HKFUNSERVER
1461980,Veteran-Clan Friends
5362915,DisaeR.GO
10819211,EsportsPlus
2567180,Call of Duty Modern Warfare 3 - Multiplayer
35216938,Stronghold: Warlords
5794992,(♥♥♥♥♥)
9709660,YoungTalent
33178358,Phase Shift
25759208,Thomas&amp;TheGang
29772,Russian Steam Community
28352917,Colony Survival
10466190,WorldXI
30718459,NadeKing's SUPERGENERAL Villa
28010228,zorlaKOKA Subscribers
10508064,RIPSkins.net
11285522,ACEARENA.INDUNGI.RO
30992920,Sm0ke friends🚬🖕🏻
30010468,♥♥♥♥♥♥♥♥♥♥♥♥ C:GO CXZ!z
28154437,GG' Reviews
37408145,Police Shootout
34360195,PowerFPS
26701275,Kitten Play
27505364,CSGOWILD.EU
33416861,bilibili
38021266,Battlefield™ 1
34774052,DEAD OR ALIVE Xtreme Venus Vacation
27730418,FettPackad
4289982,AntiHM
26623866,Mount &amp; Blade II: Bannerlord
7103818,Nova of Traders
39261855,Trái Tem Rỉ Máu
2453505,The Humble Bundle
21146794,EDMer
11733321,Clustertruck
165841,Anime Fan Group
22555120,☯  CSGOFPS.COM GIVEAWAY ☯
4876728,Badges Collectors
29214158,NON Skill Just Luck
5676421,( : KoKa G : )
5754488,Club Failu - &quot;The suffering ends now&quot;
26802313,★              csgo111.com★
7103345,★ Covert Knife Owners
45050610,Delta Force
8012420,how do you Do It?
5672194,DayZ StandAlone Romania
10788034,Kappa Team NT
38100559,Balencia­ga
8331399,Enter the Gungeon
5569263,[i]Shoots
4397053,Steam Client Beta
39408427,FarmZone
27638907,Just1337 Publisher
9108781,FINAL FANTASY TYPE-0 HD
40285313,Age of Empires IV: Anniversary Edition
28272187,Fallout Shelter
30428632,MercenaryGod
5753226,ZomBjeVN
7128793,Reflex Arena
26847568,President's Fangays
554117,Counter-Strike: Source
8672783,Black Mesa
2088099,WE LOVE WOLVES
34476166,TấuhàiTeam
25889213,Steep
10092668,Dragon's Dogma: Dark Arisen
6458363,Baze.TV
11544764,Slime Rancher
10642542,Venomick
43800408,𝙨𝙬𝙚𝙚𝙩𝙞𝙚
24674520,Call of Duty: Infinite Warfare
7041437,SeeSpaceCS-GO
34938954,EPI Gaming VNUA
25043765,₆₆₆
28099324,☄️'
25231122,kasztankiXD
13036784,BRETT in Coming
11988327,Z1 Battle Royale
24570866,hfv .
44025228,VR Hentai Simulation
33709673,Sống bằng tình cảm
41303751,Suc Vat Peek
7488999,ScreaM OneTapArmy
5913146,Final Hours of Titanfall
30177233,Comedy Night
11818104,CABAL Online
12440368,.6Swords
5568010,SimülasyonTÜRK
4700004,DeathGrips
4458811,DayZ
4473609,Dota 2 Legacy Owners
44083241,Cybersex Chronicles [18+]
26127879,Faze⠀
4512196,ProTeamSpeak.com - Free-Talk Community
35860286,Gián Điệp
11880365,CODEX-SG
11837637,DoublePot.com
12606251,G2AVN
28459128,CSDROP.PRO csdrop.pro
39411000,A.V.A Global
25174872,500AnhEm
24744944,CSGOlite.ru - Сорви свой джекпот
5165781,CS:GO REP!
25431734,Public masturbation club
26723930,ゃ          csgoinv.com
6297657,Nigerian Druglords
8948388,Sa9ian's CSGO Raffles
26680958,Vì Anh Em
3185176,Holiday Sale Community Group
36662193,OneCr3W
3341926,WarOwl's War Room
33449425,csgo gives me mental problems
2255070,Games Collectors
26976525,Warstone TD
25384234,spå tanterna
3626162,Enjoy-Gamekeys
41005067,ELDEN RING
5007138,ラブライブ! School idol project
27352635,Great Profile Award
7325795,u Wallin? |
4009259,Steam
29857729,FREE 1-40$ FOR OPEN CASE \[75k0l
28581546,이서준의 폭탄 서버
29379289,- Occult Raise -
3084897,i[P*D]PROJECT
10770665,Quass Wex Exort
11043667,WE ARE SHIELD
37968132,Need for Speed™
30768288,www.Spoune.com
41985938,selected. Trading Group
34197373,Bright Memory
43337841,Fetish Locator Week Three
2414894,League of Legends S.A
8824504,Arizona Sunshine
10606369,๖ۣۜPickOPhoenix
11338198,Icy Game Shop
10638133,Vibe Music
25300658,Boosting Türkiye
29079075,Strange Brigade
28000191,℘  $ CSGOFisher.com         ℘
8058608,Dost Kayaoğlu
3950922,Saints Row: The Third
28292646,Na`Vi.G2Â
10342699,Colosseum Gaming DotA 2
26496384,K Bros Games
2062002,noob....
10752151,Back ►
5961061,Cs:GO Trader Group
29473956,FREE 10-50$ FOR OPEN CASE \[4VW6
25997158,り   csgoASS.com         り
7351955,- CS:GO Fast Trade -
7618677,The JOKER Club 208
5872757,Skill CS 1.6
32072383,Fan Anh Trí
42356071,xiaomifamilyyy
29708136,Indie Diamonds
23034018,GrabCheapGames
3339818,{mix-ot-Gvozd}
4243811,Ninjas in Pyjamas Official
36744137,⭕⃤ ᠌
38357145,Anselma PEEK
3949753,S.T.A.L.K.E.R.: Call of Pripyat
27897331,Em Na Group
12619756,CSGOx14
9411796,DeeMer Betting Analyst + Advice
30859252,Decoy.BoiZ.Mudafaka
2858880,Online трансляции игр
42378447,生死狙击2
1789898,=MSG= Midnight Shadow Gaming Community
32878068,Temtem
7134990,The Hidden Leaf Village!
25268254,Kir.A's gun sync
7154140,NO-EASY
11808155,TNTBOOM team
10097714,Team Juke
10922074,OyunSeverlerBuraya
27935958,CHIM |
38229729,C­hanel
31826337,R E N X 's Friends
5380178,PcNetcode
9363998,GoreLeak
24346056,Steel Hub
10212332,IHATEPINK's Personal Army
27622512,EIONEKEINICE
7837149,Envision's Betting Advice
9982638,Zephosofficial
5862,sexy
4380880,YukiTheater Public
11577973,V.I.P. Profiles
32822760,FutureGadgets Lab
6202917,FaB-Team FTW!
5257480,Hà Nội OFF
10466225,CS:GO Super - Trade
37940338,♡ Saamsh1ne
25768419,Ｄｒｅａｍｓ ♥
5647253,State of Werwolf (Gaming Community)
33470269,Hoofdpijn van V2
12100235,௵﷽﷽﷽﷽﷽﷽﷽﷽﷽﷽﷽﷽﷽﷽﷽﷽﷽﷽﷽﷽
30642081,Sevinc Level Bot
38344419,MegaZone CS:GO
34735772,Cai Dit Con Me
25865368,SaitamaClub
3926625,Cервeр cs 1.6 Публичный дом 18+
1863951,Beauty
26182648,Armia Dzikow
5681741,PreX' Stylez
10867496,Legion's Ladies
3809789,"CS 1,6  Без читеров"
2779070,Swedish House Mafia Fans
10346114,Ninhigan
549211,Pirates Vikings &amp; Knights II
37538027,ⁿᵉᵛᵉʳ ᵇᵉ ⁿᵒᵗᶦᶜᵉᵈ
5680384,Evolve Stage 2
32023457,Farm Together
38359391,tokyo aim
6559579,BeamNG.drive
26549641,ソード・アート・オンライン・
5813558,HangDog
10125250,HazerBorns
40616293,SkinsMonkey
7466469,YaW Entertainment
28333029,Movie Collectors
10073974,Ultimate Chicken Horse
39773067,.wavyclub
25119608,NewB Store
43988850,SkinClub - Enjoyers
81537,Suche Clan - Suche Member - Clansuche - Membersuche
25994796,Duelyst
4678173,Europa Universalis IV
27552054,PlanLagt
12665150,Being MaD!!
487750,The Official iO Gaming
32626984,amg peek
4339816,MWEB GameZone
6053100,Vietnamese Trader
31872718,Rocket League Trader
88,garry's mod
10780128,grineren?
4199372,007™ Legends
11533464,So Stybid Mistakes!?
10889591,Blue Berry Gang
11297936,iGxE
32269971,DALAT Team
22128230,Blackwake
10562841,Umbrella Corps
32244664,Oculus Rift Reviews
10600128,PIanBIyet
6859510,『AKB48』
1954426,Runescape Brothers
33745495,Vagrants Paradise RP DayZ SA
4960484,Level 160 Collector
5648452,$1000+ Collectors
25603478,★VN★ Never Die ★✪★ Never Down★
9466540,CS GO Hyper
3949769,Terraria
3088796,News&amp;Links
192743,ECLUB
5481650,Enjoy Global Offesive
11428226,Amoy's House Of Trading
9254464,Orlygift
7172114,Just Cause 3
25171559,csgoafk.com-roulette
439486,Naplno.sk
40847865,Training Space Station
41316555,SCP: Containment Breach Multiplayer
9262929,Flixterz
7796097,♥♥♥♥♥♥♥♥
10480270,GradeAUnderA
184,ESL
42164866,EdgeLords
35000502,Bois dap da
25270024,PvPRO.com
36758808,XE TĂNG NAM KỲ NAM KỲ CLUB
38135402,Vitaniti
26110288,☯♚CSGOAFK.COM☯☯
35807909,Market.CSGO.com
40697665,MIO Fans Club
27460493,Bikini Bottom Maifa
4138830,Dishonored
5355485,Dalat CS:GO :)
39009902,574B Robbers
26998839,Rozwel
32317913,†[BellaVita]†
29166878,Vietnoy in Pyjamas
27599020,♥♥♥♥♥♥♥♥♥: [CS GO]
39652242,Royal Melbourne Institue of Technology
42118591,JAVCSGO Community
2638838,[Vietnam] Left 4 Dead 2
10325798,Far Cry Primal
33633027,Babalar On Fire
39387748,3 snabba
7750619,Particula
4004353,"CS  1,6  Без читеров"
37240216,Origen CS:GО Esports
9747782,SubZero OG
26169746,Server Unturned Việt Nam YASTER
9917877,My Secret Home
6861759,Melody's
5340370,NyteTV
34458199,Can u stfu?
25329303,Ste឴am Tricks
40726094,DEN'GOD
3630102,I Love Pies.....
26709680,„             csgoinv.com
7436354,Kanye's Children
5760583,RUNNING WITH RIFLES
28180252,Marvelous Club
21205989,The REX Network
33680129,FreeCodes🎁
9508961,SKYRED.VN
35911479,killahydronullah
8317825,Beyond Ordinary Team
28300675,Total War: WARHAMMER II
8193309,Chjcken
11560714,SoNubGaming
7980031,Dino's fans and friends
27006872,VN-CS:GO Global Elite
9172332,Garry's Mod VN
30220970,CrisServersPro
10931596,Rainbow Six® Siege: Deutsch
27370010,VN CS:GO @ North America
3953536,King's Bounty: Crossworlds
25376772,Hero.Nation
7601799,- TF2 Elite Traders -
28749597,Lỗi Phân tích XML
7862676,BlackSilverUfa
37949544,VietjetAir
8215439,Quiksilver Monkeys
28420803,Comedy Dynamics Classics: Full Frontal Comedy
28221075,PUG'STARS
10242353,SkinsGambling.com
6454839,voz RepsOps Multiplayer
3768867,Official MCSG Group
10319253,PLAY2WIN Llagostera
7889352,Anime Fan Club ♛
1698036,Zomb!e Islands
34721542,CyberPunk 2077 Polska-Fani
27172339,GAMEHOMEHN
38478305,CatGirls MAIN
42149368,Marauders
34055318,CoDongElo
27687714,Official Games for Skins
8806950,S.K.I.L.L. - Special Force 2
31037244,East Coast Gaming in FL
32558293,-HuntersZ-
12133109,CSGOFPSCOM
45120291,V-LOVER!
25260121,BOT Mario - Trading Bot
4683925,яєѕρєктℓσѕ
33001079,Bergstadtfest
4434400,Don't Starve
9036491,Monster Summer Game 2015
33937766,SkullShot ♥
10319199,Official MiKapp1t's Mates
7119974,Plac Zabaw CS:GO
10027568,Ninja_Alien
42765419,CSBRO TRADE
45312788,wealthy and healthy
41935935,Blackpink forever
28603406,FREE СS:GО MONEY 50$ [DFFFDSGEW3
6774404,Life is Feudal: Your Own
35544601,RISK: Global Domination
8181927,RosieRiver
33132236,Agsc Level Up Services!
39991691,Hội Danh Nghĩa
7480046,S.H.
29184236,casedragon.com
9731523,The Old Brothers
37077746,Bánh Mì Bakery
28088326,⠀؜؜؜؜
25493218,İBUYEASYPOWER
28749340,MauCho
39038190,ÆSPA
5252219,PAYDAY 2 Unofficial Group
7513231,Seven Deadly
27548281,٩ʕ •ᴥ• ʔو ♥ milk
32971870,Overcooked! 2
5219386,Counter-Strike: Global Offensive Trade Center
1799923,&lt;.::Anime Fan::.&gt;
10438844,EASY ★
23028051,Hellblade: Senua's Sacrifice
40614988,Renown
25328866,ஐ     CSGO999.COM ஐ
11294361,SEA Kaki's Gaming
31375315,WE LOVE HENTAI / SEX
26948708,Illogicals
31474154,Dream Team - VN
866,Furries United
26464030,Caystore.vn
10326981,McGlock's Betting Group
12063639,IC$Y
9177060,Babbie Squad
43565467,Vidya4Chan
8645280,HampsetOP
5085859,TWoS
3470424,ESL Dota 2
25087329,WinterArmy☆-
6517900,TF2 Trading - Raffles - Giveaways
30140533,FREE MONEY FOR CASES (QbnmEaIMig
5318016,Algis CS:GO Skins
21811611,Saints Offensive Prospects
36566090,Escape From Russia
25117779,1hp Public Star
9513291,I Show You My Power
33431999,Bets.net
7292018,RedstoneRockHard
33465600,Nao~Tan`Gaming
4465719,Defiance
27895170,nguyenlekhanhtam
3952884,BioShock 2
10876139,Firewatch
32982939,Artwork by Gatsu-13
33825655,THE KIDS IS REAL
7932238,Pressure Point Gaming
6638095,Ryse: Son of Rome
6349516,The Elder Scrolls Online
26018240,No.Hope.Gaming
28087949,ARHI | Profiles Artwork
25561486,csgo999.com    ◎
8507295,Shantae and the Pirate's Curse
6191184,4SkinElite
32664217,D2ToXic
35802408,NoHopeG
7428541,Unturned Fellers
28596704,Nintendo 💖
33226131,vLoot.io
33065964,VietNam Hydra
28818260,$carecrow
8933248,supremeshogun
32188116,1. Gebirgs Division
24563333,♥♥♥♥♥♥♥com
1509670,Swoobles
38872556,Elo_Gangster
41008667,ConVoichienDau''
5963407,-[Y]o-
554111,Team Fortress 2
2725651,"Wir sind Schweizer, damit sind wir automatisch cooler als Du!"
37230461,FPT CSGO COMMUNITY
31158811,Ban Zin
36309967,1-844-SEPUKU
28410280,CSGOFLYTRADE.COM +50$ Now
6023441,CSGOTraders
5237185,Apollo.VN
8856300,PUNT.PT
9549353,HausmeisterHarold
22555327,☯        CSGOFPS.COM GIVEAWAY ☯
1134781,Left 4 Dead 2 Korea
10502478,HNF
34066945,NUMBERONELAOKAI
25330489,❣ CSGO999.COM     ❣
3207860,Counter-Strike:  Global  Offensive
7671702,TeamDouyuTv
5888778,-GER- Gamer Community
6567174,Saigon Bitchese
4694416,Gam4Eve
8337594,Elite Dangerous
3026320,GTA V Community
4125336,Friendly Neighborhood Atheist
8375162,Seb3311Gaming
41901014,Ace of Spade ♠
3655482,Crow's TF2 Rafflin'n'Giveaway Group
632121,[MDMA]
34863162,DATE A LIVE: Rio Reincarnation
26750172,SystemDefeat
11084348,911_eltrois_3
26333933,Total war VietNam
6993153,Original Traders Group
25864391,Dirty Cheese Curds
27933636,西南悍匪
45621143,Fluffy Kitchen Saga
6205673,Nintendo Based Trade Server
4458450,The Stanley Parable
307558,|mousesports|
5199270,VietE
30943286,Ninja Way
33500684,48kg Snus
32611709,iogamingasia
44660542,Horizon Forbidden West™ Complete Edition
23557447,IamPanzer
37002577,ELO &amp; COCAINE
11268379,Universal Friendship
28429579,loz que
2774828,Route-Games GSP Portuguesa
26804988,✫           csgo111.com   ✫
5946196,Happy Wars
7140065,[Counter Strike]
6122491,Ｃａｎｎａｂｉｓ
11489487,[V|N] No Fear
4653846,DevinityServers
7802735,Mortal Kombat X
3812858,Sarthe-gamers [FR]
1639495,Ultimate Ascii Art
32511843,Try to seize me
28145947,VN Communist
9775047,-TeamG-
4176641,~S.P.A.R.T.A~
28040535,Akiyoz GGWP
8611299,D2imbaVN
28305110,Skin Converter
12455972,Sniper Elite 4
8016372,completionist.me
7086187,OHLANA
11287281,HUNIIXO FAMILY
26262382,Hellfire01
41872261,Taiyo Robotics
27031889,Tran Phu CSGO
2894343,iNfamously Gaming
6308770,Hornisse86 Community
10845317,We Hate Cuma
37718904,CENAVARPEEK
5552844,GLOBAL PRO ELITE
27765074,Forsaken Dynasty
22871805,Oyuncast
11619773,Cubbes
31278649,"Warhammer 40,000: Gladius - Relics of War"
4984,Poland
516899,World-of-Frags.com Gaming Community
3290,Assembly
30759695,Feeding The Monster
11472547,Friendship U can keep
40394814,Girl Group Stans
39504512,GiangHồ
27718654,EcchiHentai
25055936,Leanix
25802324,Unturned Operatives Group
11557017,ELEPHANTS!!
28180260,Marvelous Reviews
33074749,/r/♥♥♥♥♥♥
38349861,STAR WARS™: The Old Republic™
28801922,FREE CS:GO MONEY 50$ [S7H]JN
28058589,⭐𝓒𝓢 𝓖𝓞 TOP TRADE/GIVEAWAY
25649730,◍ csgoFPS.com
2884437,Competitive Counter-Strike Global Offensive
35190511,Baldur's Gate 3
29185703,SAPIC
121154,東方 ~ Touhou
6770740,Counter-Strike Nexon
1897289,[L4D2] Viet Nam
6675057,CS:GO Lounge Türkiye
30893056,𝗟𝗢𝗩𝗘 𝗜𝗦 𝗡𝗢𝗧 𝗘𝗡𝗢𝗨𝗚𝗛
29565930,Giveaway skins CS:GO 9July 745
5731004,4F.gO
7398632,GTA Online Club
4917015,Level 140 Collector
7855024,UltraViolet Giveaways
26105639,✦CSGOAFK.COM♚
32267658,tarik GG
4170382,（=^.^=）
30100818,FREE MONEY FOR CASES (eDdgXneFfh
4115021,Gampter_Servers&quot;
39695687,The Day Before
26385039,The Owls -
43829073,Wati-Team
45591548,"Sex, Secrets &amp; Used Tech"
5158508,Kantai Collection
5141195,CS:GO ESL PRO SERIES
4467606,World Games [Maximum Extreme]
34292781,MotoGP Community
25408609,TM Killers
196442,Cluj-Napoca
5829258,* GIRLS *
7846561,50+ Games Collector
11007834,Queensofass
26251627,★♥♥♥♥♥♥♥♥♥♥★
35624289,onlinegod China
9305906,CSGO Tradebot
45493128,SHINOBI: Art of Vengeance
36090644,STAR WARS Jedi: Fallen Order™ 
11539765,$4000+ Collectors
12141152,Chloe Price 4ever
4458565,Sanctum 2
1258000,Ballerbude_Cod6
6092481,theHunter Classic
4526369,Game4net.ru
11048438,Oxenfree
10160933,► WALLHACK
27864860,Ngày Xửa Ngày Xưa
28988182,They Are Billions
28739889,FREE MONEY 50$ FOR CS-GO [rt210]
24695874,EZ4ENCE!
8407549,Global Elite Trade Servers
11547502,Gavur Item Satış Hizmetleri LTD
5512653,Rust-Romania Server
27379606,CaseJump.com
110295,Pinak
44935330,Chrono Odyssey
10309542,SecretOfTheSaint
29696391,RGentavis
7626509,Ratz Instagib 2.0
7908448,Freddo CS:GO  Analyst
4777282,SteamDB
5084151,Superior Servers
27772151,SaigonAmsterdam
38117692,broke phi broke.
1115271,Nm Communauté
3738814,Official Group !
5436197,disaster.GO
11537484,𝓐𝓷𝓲𝓶𝒆 𝓖𝓻𝓸𝓾𝓹
32937893,HITMAN™ 2
43651093,&lt;(&quot;)VNPTpEEK&lt;(&quot;)
3744111,Hot-Cs.NeT Официальное сообщество
10505885,Play Don't Cry
35266496,QNT And Homies
5591536,The MarksMan.™
28224439,OldMan CS:GO
33911849,Eastward
25241488,csgoEXP.com    ♕
26098264,Planet Coaster
35210443,Dying Light 2: Reloaded Edition
7592153,CS:GO Traders Elite
42476353,HoneySelect2Libido DX
12165717,Flexible&gt;&gt;
25945639,Bullet Catcher's
31335011,Chích Clan
8067891,Alienware Steam Machine
38450523,GaryFace3
23482753,Killing Floor 2 VN
27564436,ς     DOTA777.com            ς
25885801,MÖG !
6814770,ThePSCrew
7289715,Ernezto
3792231,onliner
4962591,Dota2GlobalTrading
43931799,VN.GANGz GAMING
27204202,RUSTberrySEA
2619867,Dota-Two
25657306,csgoFPS.com     ▯
34507613,When the Darkness comes
4802098,Стим сервера CS 1.6
33834704,5 Thằng Ngu
8467542,GameOnline.nu
33623594,Sum of Histories
11692182,Taggpojkar
3663229,Markipliers Maniacs
5806923,MOAB Squad
24915782,Friends Screenshoters
6451936,CGiveaways
8054471,DAF_385ToHieu
1908053,RUSH
31646251,HORNET™
7780511,4CHAN RAID
34274566,チキラーズ
25536772,fLICKGAME
7168996,무료로 게임받기
7395325,Microsoft Flight Simulator X: Steam Edition
4917006,Level 120 Collector
10806320,★ Rumble Gaming ★
7834907,古惑仔.
6294000,Lara Croft and the Temple of Osiris
40242546,shaonline
6428115,Ethos Elitest
8251624,Survarium
30963755,Glockboy$
9556546,CounterPot
7815224,Oynayan Geyik
26295747,CS:GO Trade for fun
42326678,Trading Group by Chez
5212451,SaKuRa Vn Team
33475209,Stake.com
40103885,Cuoi Ngu
25877058,♥♥♥♥♥♥♥♥
9119136,Luminosity Gaming.
26920400,ZmOutStanding
31993323,BYTEPATH
11147841,Gouldy's Group
4602899,&quot;BATTLEFIELD&quot;
39581444,Skitzy Servers
1581948,Rising Storm/Red Orchestra 2 Multiplayer
36651033,Gladiator Guild Manager
1985042,www.gs-force.de
27294831,Artwork Connoisseurs
28349116,ARENA.1TAP.RO
41445741,GIVEE.CLUB
31701057,fullchill
6583047,METAL GEAR SOLID V: THE PHANTOM PAIN
41227137,Outcast - A New Beginning
284134,-=7=-
9539695,C R O W N B O Y S
77057,Hammermaps.de Community
9920361,Nash Cash Reputation
9088932,Shiness: The Lightning Kingdom
28007271,Official AEVN Gaming community
3869452,Guns of Icarus Online
2772668,Saxton Hell
25184867,Ator Gaming Community
29521248,Killing hawks
44660006,ROMANCE OF THE THREE KINGDOMS 8  REMAKE
33702547,MapleStory 2
27201583,۞      csgo111.com   ۞
10892796,Team Kho Doc
3946385,Counter-Strike
10761984,~ANIME~FANS~
9313260,twitch.tv/joaquimblaze
28448288,１９８６
3762500,TvPlus Returns
9760942,/r/GlobalOffensiveTrade Server
29987370,No Lights
10239287,Aftermath
5895898,Wish a Game
35036517,Đảo Divine
4470679,Dota 2 Market Discussion
11474510,dEe╰★╮Romania?! Friend's | CsGo
32097779,hsj family
37316599,hAiph0nG
7363084,FreeX
33474990,Trunkkei
34270705,GokuGaming ✪
11765564,Hard2f0cus
38952403,&lt;3 Dipper
9114882,Monster Summer Game 2015 - Hall of Fame
28579201,Kingdoms and Castles
26188832,✦◊CSGOAFK.COM♚♚
25347960,Awaken-Reborn Gaming
26451872,Project Insani7y
11742629,[VN] CSGO
38615346,anhemsaumui
9462201,♦ Looking For Friends ♦
41552985,GaoRanger 🦄
36710378,ZIGMA Σ
10814138,BKP0wer
39390598,EpicProfiles♥
33635755,Devil May Cry 5
4352308,Mount&amp;Blade II Bannerlord
23433729,The LAN Chokers
3007567,Dota 2 FRANCE
43726614,Pax Dei
9236163,Duman Altı Grup | DAG
25403516,UAE Distribution Shop
11707218,Scorched Savage Gaming
4301596,XFusion Community
6666463,Saudi Arabians from Georgia that live in California
8049466,German_Gamer_Community
28153070,CSGO Cash
8960555,Newb Rage CSGO Betting
1095707,ADHD 'owcy
31887135,The Legend of Heroes: Trails of Cold Steel II
9150160,LHC-Shop-Acc/Item/Card/Code Game Quốc Tế
30230208,another day waiting for death
39140081,HUMG CSGO
5016473,7-Balls
4950121,GreenScream's Private Hive
10661731,♥BabySotongg♥
81529,The Fuzz
5898945,Ôn Lằn
25816454,Jardovi přátelé
10888497,★CS:GO MLG PRO
6093464,BAN ALL ANIME
11109742,Gameflip - Marketplace
6887601,Guys.GO
12036325,TeamLog1c
11978515,Elite Giveaways
26865657,Abz Artwork
5468860,Tango World Wide
28869363,I WILL SPIN
215326,Citywars
7037702,WaW.GO
27813801,ConiZeira FRIENDS &lt;3
38410194,Hội Rush Chuối
28022044,EasyCheap Level UP
25380712,Oreh-X
26710776,℘        csgoinv.com          ℘
28652987,FREE СS:GО MONEY 50$ [CF356S]
28675513,RL Trade Society
6303952,CDSHT
9610740,DotA2VN - playdota.vn
6516734,LAO LON TEAM
28550393,nohat؜؜
34155295,󠀶og
4190181,Primal Carnage
28249759,FREE СS:GО SKINS 01-85$ [o6]
26181563,The Adult Gamers
8838897,The Most Hardcore of Game Collectors
44613978,Unsigned Puggers
12059497,SUPERHOT
34016292,VR Paradise
28449344,daProblem.Team
27717793,God.Of.War
28060073,TaGs - Play Theme.
45769134,say gex US
8380278,Teamk0d
6672313,Madness: Project Nexus 2
7307013,Dead or Alive 5 Last Round
8814249,Guy Fieri Clubhouse
11152340,CS:GO _ Add a trade
40704806,Jurassic World Evolution 2
27677304,Bets gg
26355706,DreamCatch
30353648,WEARE ❤LoveLive
22956981,Realities
3920456,Jahrein (GamerJah)
32987291,ᴘᴇᴏᴘʟᴇ ᴀʀᴇ ᴘᴏɪꜱᴏɴ
8314855,Cactus Surf Gaming
5154531,TrilluXe
6326434,Kang's
25338928,KnugN -CSGO edits
9911619,DynamicGroup6
7941770,Unturned Workshop
9072805,Gulf of Tonkin
9040649,Trackmania Turbo
35197209,Super Naughty Maid 2
12657303,《TeamPornHub》
8259040,The Real Chiken
44611991,PirateSwap
41645338,Sengoku Dynasty
116704,Svette mennesker
3748088,Counter Strike : Global Offensive FRANCE
21989735,Vape Nation
1547283,~AKB48~
9031013,Oyunkolikler TR
36939833,BOYS IN DA HUD
10073071,High Levels EU
6155058,POSSESSION Server
26085925,✦✦CSGOAFK.COM☯
27062520,ArkSupremeGaming
25321900,✬    CSGO999.COM
9802028,+2000 Hours CS:GO
25696632,Dreamhack 14 Collector
31446600,YODHA
4632979,Dota 2 item Exchange
4128336,XCOM: Enemy Unknown
11557594,Grand Theft Auto:San Andreas
6697249,-｢Lolicon Gamer｣-
24590025,[CS:GO] True Fire &amp; Ice
43504978,The Crypto War Room
11461342,brkyy &amp; friends
33639886,Can You find it?
31316571,TheLilDikGang
26297718,[TrollGame]
28173411,오리2
5581672,War-Lords | CSS PUGs
24007959,The SKIES
2118104,ELZE
28506371,all eyes on
5962952,Rambo In Nightmare
11140892,Enter The Vortex Club
7646933,We are lewd and we love it!
7999960,Phi Hổ
7846535,1+ Games Collector
7576772,Just Survive
28922683,GocasePro
28486901,Wrecked Clan (WC)
9361150,Super Compendium
6988074,Interligent Heroes
29170719,Бесплатные СКИНЫ/Apache Team
4114969,\Gampter_Servers/
3968786,Team E-THUG
4960638,The Divinity Universe - Rivellon.Net
1289,=CATS=
32923331,𝐰 𝐚 𝐧 𝐡 𝐞 𝐝 𝐚
3885586,ProxArena Group
4912721,[CN]地狱已满
4173038,Group Buys
32989513,Retarded Silver
36940363,Dreamscaper: Prologue
38310058,Maid Mansion
10557977,Beat The Odds | Paid Group [November + Dreamhack]
25047898,SkyTeam420
7984148,$ Free gifts and keys (Giveaways). Games &amp; DLC's
3497406,PurgeGamers
37885696,Detroit: Become Human
5450529,Cloud Gaming EU
1827645,X32I
37846807,- Tower Of God -
34653059,AIMWARE؜.net
27069263,FaceIt Pro League SEA
1012107,Left4Dead VietNam
3946055,Ship Simulator Extremes
35487628,CSGOHowl
36025542,partyteam2
27846737,GOD LYF
45040982,DYNASTY WARRIORS: ORIGINS
34237546,TINDER LVL 10
40990244,Hellsweeper VR
5535693,Cuties with a craving for ♥♥♥♥
43052267,King Of The Castle
27418338,eyw.
11983956,Club ASCII
5050232,Outlast
11385116,Double.tf
4471395,DCS World Steam Edition
31606064,4FUN PlacZabaw
43719778,Mage Kanade's Futanari Dungeon Quest
27096640,OPENCSGO.COM
2266620,Gangster Server Member
5993828,#clockwork
30283102,♚ Kingsman ♚
23216,Qatar
5361591,Jennifer Lawrence
7169712,chiken - soldat of fortidude
5710998,Củ Lạc Giòn Tan Shop
9716584,Rush n Rush
11274601,Resilience Wave Survival
27970448,SENRAN KAGURA ESTIVAL VERSUS
5207640,Knights and Merchants
5209802,Legion Servers
37943135,Xavier Gaming
44237489,Forza Motorsport
28125668,Sevskii's bots
8144254,Brod Gaming
2691255,Pony Fortress 2
27917875,Lockon Fire
11212004,RodosEasels
7997572,Rustopia |EU/UK|
32220898,Boom Squad
25523511,Raffles And Games TF2
5218472,V6x
2414128,SevenSins Gaming
35433841,Lo Quay Heo
12087217,ThanofSteel
44052253,NÁNG CLAN
35529875,EmAnhKhoa
29571322,Eehab&amp;Musti's Dungeon
30032005,Dreamz-Esport
28002103,❉   $ CSGOFisher.com
7984516,FragDeluxe Community
12696649,CSGOCoins
1157208,TF2VN
4459756,FINAL FANTASY XIV Online
4179320,AYYILDIZ GAMING
1595177,Arma 2: Operation Arrowhead
25043759,Legion TD 2
10564362,Arschpiraten1231231
28194679,RubyOwner
3569331,We're Band of Brothers
25868417,HourBoostr
25593746,csgo999.com   ˄
25231449,VaultofGamers
28840430,Love Card Bot
7213894,Chuyển Động 24h
5006541,|RogueSoldiers|
30263346,Gutscheine zu verschenken! v2.0
25034647,PrKz
33749513,Ancient/Gaming
4962194,Elsword VN
37039921,legit with the ragebot
27038543,322VN
34248044,hololive
42113432,+100elo/day
28213507,Prix eSports
9833651,Team Poop A Lot
8067890,Steam Link
11923097,Enen's Csgo Store
9915463,Dream_Team?
10792573,Monsters CSGO TEAM
4638550,Kaller LKW Fanpage
26730800,Team of Insects
32694657,Mr.Nobody Official
41649607,Urbek City Builder: Prologue
1822912,C00L W@rS
9084707,RogueSoldiers-PublicArea
32521212,Zero9.FC
956756,WWW.HIGH-AREA.NET
41379490,God of War
6389564,Donator Private Group fb.com/csgotheo
27869908,Kunshikitty
1627367,1053
26835004,Mathieu Cote Fan Club
26002008,†~We Love Gaming ~†
32349500,Clash: Mutants Vs Pirates
41319454,MXGP 2021 - The Official Motocross Videogame
32896386,World War 3
30966189,Bless Online
4096847,ROCCAT South Africa
24468854,CS:GO Stone
28763346,Token1000
27930887,DOg3 Tân Kách Mệnh Đảng
6856269,Just Good PC Games
4888676,The Cohhilition (Twitch: CohhCarnage)
32720581,48kg kids
44665926,Kuwait Flour Mills &amp; Bakeries Company
500429,l~dW~l
44299851,Spire Horizon
35797709,5 Idiots Man
30455412,Miku Revenge
32811639,Age of Wonders: Planetfall
10322554,Minecraft: Story Mode - A Telltale Games Series
778773,Wankil Studio
41693250,Rox1ez
5376707,EDELBITCH~
32196704,Vandal Squad (TS-ARMA-GROUP)
36646646,ねこととり
9761245,Koi Masters
26769765,Born To Eat.
30411387,HVH ProIIz
5224502,We &lt;3 Kiim
38713207,Techniker 6011
6272738,- Zombie Escape Unlimited ammo
26409832,my[R]
4297130,We &lt;3 Borderlands
33202756,ECL.GG
7265474,CS:GO Friendly Traders
5516435,Oyuncu Cemiyeti
3703047,Dota 2
29181888,Sea.Power
29195604,CSGODoubleGG Official
6156965,smlf0's Army
1582249,Na´Vi Team
5269175,www.twitch.tv/deadtheia
9007813,Home Skillets
35737760,Vũ Đại Village
25405188,Binmonsta in Pijama
29011715,𝐒𝐓𝐄𝐀𝐌 𝐍𝐄𝐖𝐒
33465306,Anno 1800
5415958,BlackRockShooterVN
3635386,TF2Bazaar
5377070,Rust
40722422,Forza Horizon 5
7490535,Anomaly Zone
25337396,☺ CSGO999.COM     ☺
3952677,Lỗi Phân tích XML
9490156,*Anime_Gamers*
35210610,Age of Empires: Definitive Edition
6249425,Otaku-Dota2VN
34089147,Lossless Scaling
25166188,Killing Floor Viet Nam
25269339,TeamSOYOUNG
32975248,cod lobbies
39878704,LMAO Clan (Beat Saber)
36990004,best♥ friends♥
10388586,Hello Brown
8484755,Steam Guard Mobile Authenticator Beta
26879132,Anduin
3247304,Lỗi Phân tích XML
5007930,BETS.TF - FREE RAFFLES!
6203982,WaW.Ozone
9902497,Older Wolves
27208357,Last Man Standing
3247752,S♥neVN
24581868,朱子尧 FAN CLUB
31748181,AnimeTiddiesConnoisseur
6684164,Arianators
2767191,Execore Hosting
26509733,50+ Games CoIIector
7163596,Maren Aune FanBase #1
22554359,CSGOFPS.COM                  ☯
33682008,AE Miền Nam
25179414,✤   CSGO999.COM
25718509,Cossacks 3
27509952,ATOM-FC
44948917,Marvel Rivals
26390639,GR!M3's friends and fans
6622546,Cloud9  -
4550941,Продажи предметов / Trade items
4004211,DARK SOULS™: Prepare To Die Edition
51430,girls on CS
39503775,Mèow Méow Meow
26476301,China Monkey
8016661,Gordon Freeman FB Fanpage
3996991,Rủ anh em Hà Nội offline đêm Finals International 2
6587463,Tribe of Rolling Leprechauns
31255819,SAWKOBAN
25148698,HaNoi Riot
30446915,Aero Design
4471323,Wolfenstein: The New Order
485037,Internet Ninja
28328076,S.K.N. Giveaways
28800279,FREE СS:GО MONEY 50$ [SAI25]
4917005,Level 110 Collector
11996273,Krzysiek &quot;KXN&quot; Szymczak
10796072,»LG™
31111051,Katowice 2014 Sticker Trading
25691511,ᙢ                csgo999.com   ᙢ
32166199,Spellbound Trading
10408339,♥♥♥♥♥♥♥♥-com
3695634,Borderlands 2 : COOP OFFICIAL
4426741,Infection Network
4900810,Men of War: Assault Squad 2
33189893,de_vailon.
9665582,┼NAZI
33699778,&quot;&quot;100Thieves&quot;&quot;
9702527,CSGO Skin GiveAWays.;
31466000,忍者村大战RC2
38038441,The Outlast Trials
5331195,AuTiC. Gaming 2013
1240452,Global-Gaming
35425921,Estou-me a cagar
5590657,Steam Music
3338147,www.youtube.com/mEkkAL33T
25758251,GamblingCP
30489718,Roblox Exchange
15578786,Wolcen: Lords of Mayhem
28649991,OnlyB Official
175207,intox. Gaming Community
7673253,Miscreated players
8309398,Rocks in Socks
25094140,Team Viscious
